code,group_en,date,cpi_index,reported_pct_change,pct_change
01,Food and Non-Alcoholic Beverages,2022-12-01,105.674266163,,
01,Food and Non-Alcoholic Beverages,2023-01-01,103.224577047,-2.31815105519,-2.31815105519
01,Food and Non-Alcoholic Beverages,2023-02-01,105.05823249,1.77637486668,1.77637486668
01,Food and Non-Alcoholic Beverages,2023-03-01,106.843701833,1.69950445666,1.69950445666
01,Food and Non-Alcoholic Beverages,2023-04-01,107.415249679,0.534938265684,0.534938265684
01,Food and Non-Alcoholic Beverages,2023-05-01,106.260643085,-1.07490006925,-1.07490006925
01,Food and Non-Alcoholic Beverages,2023-06-01,105.109592016,-1.08323367552,-1.08323367552
01,Food and Non-Alcoholic Beverages,2023-07-01,104.769193776,-0.323850785515,-0.323850785515
01,Food and Non-Alcoholic Beverages,2023-08-01,106.483868143,1.63662075177,1.63662075177
01,Food and Non-Alcoholic Beverages,2023-09-01,109.822066415,3.13493332803,3.13493332803
01,Food and Non-Alcoholic Beverages,2023-10-01,120.593324641,9.8079180058,9.8079180058
01,Food and Non-Alcoholic Beverages,2023-11-01,133.290480139,10.5289040966,10.5289040966
01,Food and Non-Alcoholic Beverages,2023-12-01,192.740525089,44.6018687064,44.6018687064
01,Food and Non-Alcoholic Beverages,2024-01-01,224.693661152,16.5783174289,16.5783174289
01,Food and Non-Alcoholic Beverages,2024-02-01,288.244257221,,28.2832171337
01,Food and Non-Alcoholic Beverages,2024-03-01,322.763237392,11.9756003131,11.9756003131
01,Food and Non-Alcoholic Beverages,2024-04-01,255.998235352,-20.6854419293,-20.6854419293
01,Food and Non-Alcoholic Beverages,2024-05-01,263.505707935,2.93262669296,2.93262669296
01,Food and Non-Alcoholic Beverages,2024-06-01,243.828073957,-7.46763101748,-7.46763101748
01,Food and Non-Alcoholic Beverages,2024-07-01,233.509369047,-4.23195932385,-4.23195932386
01,Food and Non-Alcoholic Beverages,2024-08-01,255.822767047,9.55567568496,9.55567568496
01,Food and Non-Alcoholic Beverages,2024-09-01,452.845896912,77.0154791693,77.0154791693
01,Food and Non-Alcoholic Beverages,2024-10-01,660.53911048,45.8639936862,45.8639936862
01,Food and Non-Alcoholic Beverages,2024-11-01,710.980377606,7.63637857711,7.63637857711
01,Food and Non-Alcoholic Beverages,2024-12-01,638.124753965,-10.2472059617,-10.2472059617
01,Food and Non-Alcoholic Beverages,2025-01-01,359.024583643,-43.7375557974,-43.7375557974
01,Food and Non-Alcoholic Beverages,2025-02-01,213.25509122,-40.6015351215,-40.6015351215
01,Food and Non-Alcoholic Beverages,2025-03-01,304.900977571,42.9747706497,42.9747706497
01,Food and Non-Alcoholic Beverages,2025-04-01,489.027314153,60.3888967655,60.3888967655
01,Food and Non-Alcoholic Beverages,2025-05-01,726.379196413,48.5355061755,48.5355061755
01,Food and Non-Alcoholic Beverages,2025-06-01,1388.37571311,91.1364917897,91.1364917897
01,Food and Non-Alcoholic Beverages,2025-07-01,1468.46791466,5.76876999437,5.76876999437
01,Food and Non-Alcoholic Beverages,2025-08-01,975.41806836,-33.5757997419,-33.5757997419
01,Food and Non-Alcoholic Beverages,2025-09-01,823.875027298,-15.5362142631,-15.5362142631
01,Food and Non-Alcoholic Beverages,2025-10-01,573.889846596,-30.342609306,-30.342609306
01,Food and Non-Alcoholic Beverages,2025-11-01,256.901169567,-55.2351080803,-55.2351080803
01,Food and Non-Alcoholic Beverages,2025-12-01,202.777756537,-21.0677954955,-21.0677954955
01,Food and Non-Alcoholic Beverages,2026-01-01,190.638622033,-5.98642312208,-5.98642312208
01,Food and Non-Alcoholic Beverages,2026-02-01,180.277212376,-5.43510519882,-5.43510519882
02,"Alcholoic Beverages, Tobacco and Narcotics",2022-12-01,111.018499191,,
02,"Alcholoic Beverages, Tobacco and Narcotics",2023-01-01,111.15617599,0.124012484108,0.124012484108
02,"Alcholoic Beverages, Tobacco and Narcotics",2023-02-01,112.144221692,0.888880615876,0.888880615876
02,"Alcholoic Beverages, Tobacco and Narcotics",2023-03-01,111.60671009,-0.479303876609,-0.479303876609
02,"Alcholoic Beverages, Tobacco and Narcotics",2023-04-01,111.735670675,0.115549132218,0.115549132218
02,"Alcholoic Beverages, Tobacco and Narcotics",2023-05-01,111.745390209,0.00869868525255,0.00869868525255
02,"Alcholoic Beverages, Tobacco and Narcotics",2023-06-01,112.50586287,0.68054052174,0.68054052174
02,"Alcholoic Beverages, Tobacco and Narcotics",2023-07-01,114.684332239,1.93631630619,1.93631630619
02,"Alcholoic Beverages, Tobacco and Narcotics",2023-08-01,113.559260307,-0.981016246367,-0.981016246367
02,"Alcholoic Beverages, Tobacco and Narcotics",2023-09-01,113.923475189,0.320726712105,0.320726712105
02,"Alcholoic Beverages, Tobacco and Narcotics",2023-10-01,114.399231784,0.417610675937,0.417610675937
02,"Alcholoic Beverages, Tobacco and Narcotics",2023-11-01,258.420787953,125.893814078,125.893814078
02,"Alcholoic Beverages, Tobacco and Narcotics",2023-12-01,212.481501654,-17.776931439,-17.776931439
02,"Alcholoic Beverages, Tobacco and Narcotics",2024-01-01,272.393063756,28.1961307858,28.1961307858
02,"Alcholoic Beverages, Tobacco and Narcotics",2024-02-01,893.033729839,,227.847455998
02,"Alcholoic Beverages, Tobacco and Narcotics",2024-03-01,1896.62319536,112.379793952,112.379793952
02,"Alcholoic Beverages, Tobacco and Narcotics",2024-04-01,2124.72816692,12.0268998143,12.0268998143
02,"Alcholoic Beverages, Tobacco and Narcotics",2024-05-01,4165.82853403,96.064070637,96.064070637
02,"Alcholoic Beverages, Tobacco and Narcotics",2024-06-01,4327.7996552,3.88808900438,3.88808900438
02,"Alcholoic Beverages, Tobacco and Narcotics",2024-07-01,4435.32961571,2.48463351077,2.48463351077
02,"Alcholoic Beverages, Tobacco and Narcotics",2024-08-01,4412.99254113,-0.503617014212,-0.503617014212
02,"Alcholoic Beverages, Tobacco and Narcotics",2024-09-01,3859.84633706,-12.5344921597,-12.5344921597
02,"Alcholoic Beverages, Tobacco and Narcotics",2024-10-01,3859.84633706,0,0
02,"Alcholoic Beverages, Tobacco and Narcotics",2024-11-01,6926.14236468,79.4408833892,79.4408833892
02,"Alcholoic Beverages, Tobacco and Narcotics",2024-12-01,8549.8754587,23.4435419968,23.4435419968
02,"Alcholoic Beverages, Tobacco and Narcotics",2025-01-01,1980.10632188,-76.840524386,-76.840524386
02,"Alcholoic Beverages, Tobacco and Narcotics",2025-02-01,877.465843392,-55.6859228369,-55.6859228369
02,"Alcholoic Beverages, Tobacco and Narcotics",2025-03-01,1559.96764415,77.7810106109,77.7810106109
02,"Alcholoic Beverages, Tobacco and Narcotics",2025-04-01,3794.78617695,143.260569614,143.260569614
02,"Alcholoic Beverages, Tobacco and Narcotics",2025-05-01,7442.75628895,96.1311110007,96.1311110007
02,"Alcholoic Beverages, Tobacco and Narcotics",2025-06-01,2534.24784438,-65.9501433878,-65.9501433878
02,"Alcholoic Beverages, Tobacco and Narcotics",2025-07-01,2863.05270042,12.9744553897,12.9744553897
02,"Alcholoic Beverages, Tobacco and Narcotics",2025-08-01,2439.1966464,-14.8043399257,-14.8043399257
02,"Alcholoic Beverages, Tobacco and Narcotics",2025-09-01,855.256284033,-64.936968682,-64.936968682
02,"Alcholoic Beverages, Tobacco and Narcotics",2025-10-01,428.32330767,-49.9187184396,-49.9187184396
02,"Alcholoic Beverages, Tobacco and Narcotics",2025-11-01,475.687600973,11.0580704938,11.0580704938
02,"Alcholoic Beverages, Tobacco and Narcotics",2025-12-01,609.055954392,28.0369623142,28.0369623142
02,"Alcholoic Beverages, Tobacco and Narcotics",2026-01-01,767.682831189,26.0447132408,26.0447132408
02,"Alcholoic Beverages, Tobacco and Narcotics",2026-02-01,2938.49749635,282.774939984,282.774939984
03,Clothing and Footwear,2022-12-01,97.1272293909,,
03,Clothing and Footwear,2023-01-01,97.8224772172,0.715811447218,0.715811447218
03,Clothing and Footwear,2023-02-01,98.0736331476,0.256746647159,0.256746647159
03,Clothing and Footwear,2023-03-01,97.0399659678,-1.05397051849,-1.05397051849
03,Clothing and Footwear,2023-04-01,97.7451828266,0.72672826266,0.72672826266
03,Clothing and Footwear,2023-05-01,97.7685209613,0.0238765062904,0.0238765062904
03,Clothing and Footwear,2023-06-01,98.0121382201,0.249177604803,0.249177604803
03,Clothing and Footwear,2023-07-01,99.9344233751,1.96127254224,1.96127254224
03,Clothing and Footwear,2023-08-01,99.4314156287,-0.503337818304,-0.503337818304
03,Clothing and Footwear,2023-09-01,98.8837526684,-0.550794692822,-0.550794692822
03,Clothing and Footwear,2023-10-01,99.0657315888,0.184033185931,0.184033185931
03,Clothing and Footwear,2023-11-01,101.284063108,2.23925214477,2.23925214477
03,Clothing and Footwear,2023-12-01,102.129878082,0.835091867717,0.835091867717
03,Clothing and Footwear,2024-01-01,103.229952972,1.07713326438,1.07713326438
03,Clothing and Footwear,2024-02-01,104.910734849,,1.62819203969
03,Clothing and Footwear,2024-03-01,106.525252843,1.5389445094,1.5389445094
03,Clothing and Footwear,2024-04-01,108.241171366,1.61080915333,1.61080915333
03,Clothing and Footwear,2024-05-01,109.765618887,1.40838047265,1.40838047265
03,Clothing and Footwear,2024-06-01,111.257919661,1.35953387673,1.35953387673
03,Clothing and Footwear,2024-07-01,112.875128226,1.45356714428,1.45356714428
03,Clothing and Footwear,2024-08-01,114.469696881,1.41268380367,1.41268380367
03,Clothing and Footwear,2024-09-01,116.044910951,1.37609700464,1.37609700464
03,Clothing and Footwear,2024-10-01,117.603377117,1.34298536011,1.34298536011
03,Clothing and Footwear,2024-11-01,208.916372196,77.6448749332,77.6448749332
03,Clothing and Footwear,2024-12-01,185.524287718,-11.1968651531,-11.1968651531
03,Clothing and Footwear,2025-01-01,180.224961923,-2.85640541243,-2.85640541243
03,Clothing and Footwear,2025-02-01,171.03870677,-5.09710478232,-5.09710478232
03,Clothing and Footwear,2025-03-01,170.842621623,-0.114643726409,-0.114643726409
03,Clothing and Footwear,2025-04-01,171.002678881,0.093686959934,0.093686959934
03,Clothing and Footwear,2025-05-01,171.258486379,0.149592684588,0.149592684588
03,Clothing and Footwear,2025-06-01,171.258486379,0,0
03,Clothing and Footwear,2025-07-01,171.258486379,0,0
03,Clothing and Footwear,2025-08-01,171.258486379,0,0
03,Clothing and Footwear,2025-09-01,171.258486379,0,0
03,Clothing and Footwear,2025-10-01,158.171242488,-7.64180752021,-7.64180752021
03,Clothing and Footwear,2025-11-01,132.925575185,-15.9609717328,-15.9609717328
03,Clothing and Footwear,2025-12-01,153.203338102,15.2549747394,15.2549747394
03,Clothing and Footwear,2026-01-01,172.946599812,12.8869657507,12.8869657507
03,Clothing and Footwear,2026-02-01,178.398509802,3.15236610361,3.15236610361
04,"Housing, Water, Electricity, Gas and Other Fuels",2022-12-01,108.027901984,,
04,"Housing, Water, Electricity, Gas and Other Fuels",2023-01-01,108.141026509,0.104717876161,0.104717876161
04,"Housing, Water, Electricity, Gas and Other Fuels",2023-02-01,108.253085647,0.103623150075,0.103623150075
04,"Housing, Water, Electricity, Gas and Other Fuels",2023-03-01,106.648422541,-1.48232551246,-1.48232551246
04,"Housing, Water, Electricity, Gas and Other Fuels",2023-04-01,106.920861559,0.255455272043,0.255455272043
04,"Housing, Water, Electricity, Gas and Other Fuels",2023-05-01,106.860901813,-0.0560786222041,-0.0560786222041
04,"Housing, Water, Electricity, Gas and Other Fuels",2023-06-01,106.41926922,-0.413277995269,-0.413277995269
04,"Housing, Water, Electricity, Gas and Other Fuels",2023-07-01,106.894086913,0.446176427429,0.446176427429
04,"Housing, Water, Electricity, Gas and Other Fuels",2023-08-01,107.487659447,0.555290335442,0.555290335442
04,"Housing, Water, Electricity, Gas and Other Fuels",2023-09-01,106.999630838,-0.454032222376,-0.454032222376
04,"Housing, Water, Electricity, Gas and Other Fuels",2023-10-01,107.054542875,0.0513198380366,0.0513198380367
04,"Housing, Water, Electricity, Gas and Other Fuels",2023-11-01,198.4433733,85.366606563,85.366606563
04,"Housing, Water, Electricity, Gas and Other Fuels",2023-12-01,175.899724826,-11.3602425209,-11.3602425209
04,"Housing, Water, Electricity, Gas and Other Fuels",2024-01-01,131.655280721,-25.1532196248,-25.1532196248
04,"Housing, Water, Electricity, Gas and Other Fuels",2024-02-01,134.59865473,,2.23566726125
04,"Housing, Water, Electricity, Gas and Other Fuels",2024-03-01,156.566379519,16.3209096203,16.3209096203
04,"Housing, Water, Electricity, Gas and Other Fuels",2024-04-01,139.945654137,-10.6157691278,-10.6157691278
04,"Housing, Water, Electricity, Gas and Other Fuels",2024-05-01,261.244360308,86.6755791156,86.6755791156
04,"Housing, Water, Electricity, Gas and Other Fuels",2024-06-01,380.260447814,45.5573805943,45.5573805943
04,"Housing, Water, Electricity, Gas and Other Fuels",2024-07-01,219.762223645,-42.2074462625,-42.2074462625
04,"Housing, Water, Electricity, Gas and Other Fuels",2024-08-01,188.759145459,-14.1075557356,-14.1075557356
04,"Housing, Water, Electricity, Gas and Other Fuels",2024-09-01,192.045274959,1.74091140982,1.74091140982
04,"Housing, Water, Electricity, Gas and Other Fuels",2024-10-01,329.052377891,71.341043387,71.341043387
04,"Housing, Water, Electricity, Gas and Other Fuels",2024-11-01,328.041968247,-0.307066507118,-0.307066507118
04,"Housing, Water, Electricity, Gas and Other Fuels",2024-12-01,320.764187692,-2.21855166701,-2.21855166701
04,"Housing, Water, Electricity, Gas and Other Fuels",2025-01-01,312.245900332,-2.65562294255,-2.65562294255
04,"Housing, Water, Electricity, Gas and Other Fuels",2025-02-01,157.055863122,-49.7012249145,-49.7012249145
04,"Housing, Water, Electricity, Gas and Other Fuels",2025-03-01,482.930960865,207.489928275,207.489928275
04,"Housing, Water, Electricity, Gas and Other Fuels",2025-04-01,1018.13435428,110.823996967,110.823996967
04,"Housing, Water, Electricity, Gas and Other Fuels",2025-05-01,1105.04976857,8.53673328289,8.53673328289
04,"Housing, Water, Electricity, Gas and Other Fuels",2025-06-01,1099.83317991,-0.472068209837,-0.472068209837
04,"Housing, Water, Electricity, Gas and Other Fuels",2025-07-01,1101.79056285,0.177970893948,0.177970893948
04,"Housing, Water, Electricity, Gas and Other Fuels",2025-08-01,1104.53363641,0.248965061682,0.248965061682
04,"Housing, Water, Electricity, Gas and Other Fuels",2025-09-01,1405.67714991,27.2643135146,27.2643135146
04,"Housing, Water, Electricity, Gas and Other Fuels",2025-10-01,300.660128679,-78.611011163,-78.611011163
04,"Housing, Water, Electricity, Gas and Other Fuels",2025-11-01,308.25601801,2.526403938,2.526403938
04,"Housing, Water, Electricity, Gas and Other Fuels",2025-12-01,292.923621948,-4.9739162146,-4.9739162146
04,"Housing, Water, Electricity, Gas and Other Fuels",2026-01-01,289.699441941,-1.10068965621,-1.10068965621
04,"Housing, Water, Electricity, Gas and Other Fuels",2026-02-01,248.86887187,-14.094114161,-14.094114161
05,"Furnishings, Household Equipment and Routine Houshold Maintenance",2022-12-01,100.725221142,,
05,"Furnishings, Household Equipment and Routine Houshold Maintenance",2023-01-01,100.002067557,-0.717946881993,-0.717946881993
05,"Furnishings, Household Equipment and Routine Houshold Maintenance",2023-02-01,100.768558337,0.766474932472,0.766474932472
05,"Furnishings, Household Equipment and Routine Houshold Maintenance",2023-03-01,101.168637078,0.397027353875,0.397027353875
05,"Furnishings, Household Equipment and Routine Houshold Maintenance",2023-04-01,101.226615534,0.057308725333,0.0573087253329
05,"Furnishings, Household Equipment and Routine Houshold Maintenance",2023-05-01,101.455041336,0.225657847764,0.225657847764
05,"Furnishings, Household Equipment and Routine Houshold Maintenance",2023-06-01,101.003157855,-0.445402688146,-0.445402688146
05,"Furnishings, Household Equipment and Routine Houshold Maintenance",2023-07-01,101.83440579,0.822992026481,0.822992026481
05,"Furnishings, Household Equipment and Routine Houshold Maintenance",2023-08-01,102.575026795,0.727279743522,0.727279743522
05,"Furnishings, Household Equipment and Routine Houshold Maintenance",2023-09-01,103.339017444,0.744811551617,0.744811551617
05,"Furnishings, Household Equipment and Routine Houshold Maintenance",2023-10-01,102.971623989,-0.355522497168,-0.355522497169
05,"Furnishings, Household Equipment and Routine Houshold Maintenance",2023-11-01,104.062888321,1.05977189592,1.05977189592
05,"Furnishings, Household Equipment and Routine Houshold Maintenance",2023-12-01,108.802522704,4.55458661544,4.55458661544
05,"Furnishings, Household Equipment and Routine Houshold Maintenance",2024-01-01,112.00539311,2.94374645604,2.94374645604
05,"Furnishings, Household Equipment and Routine Houshold Maintenance",2024-02-01,116.210205592,,3.75411608824
05,"Furnishings, Household Equipment and Routine Houshold Maintenance",2024-03-01,121.625956207,4.66030551029,4.66030551029
05,"Furnishings, Household Equipment and Routine Houshold Maintenance",2024-04-01,125.5643435,3.23811414596,3.23811414596
05,"Furnishings, Household Equipment and Routine Houshold Maintenance",2024-05-01,124.922615691,-0.511074872878,-0.511074872878
05,"Furnishings, Household Equipment and Routine Houshold Maintenance",2024-06-01,140.398661131,12.3885057595,12.3885057595
05,"Furnishings, Household Equipment and Routine Houshold Maintenance",2024-07-01,155.911566911,11.0491835573,11.0491835573
05,"Furnishings, Household Equipment and Routine Houshold Maintenance",2024-08-01,196.815968683,26.2356427957,26.2356427957
05,"Furnishings, Household Equipment and Routine Houshold Maintenance",2024-09-01,164.002819969,-16.67199513,-16.67199513
05,"Furnishings, Household Equipment and Routine Houshold Maintenance",2024-10-01,164.452430641,0.274148134332,0.274148134332
05,"Furnishings, Household Equipment and Routine Houshold Maintenance",2024-11-01,153.014056209,-6.95543044706,-6.95543044706
05,"Furnishings, Household Equipment and Routine Houshold Maintenance",2024-12-01,148.154034431,-3.17619302343,-3.17619302343
05,"Furnishings, Household Equipment and Routine Houshold Maintenance",2025-01-01,132.672534318,-10.4495973884,-10.4495973884
05,"Furnishings, Household Equipment and Routine Houshold Maintenance",2025-02-01,117.612424465,-11.351339545,-11.351339545
05,"Furnishings, Household Equipment and Routine Houshold Maintenance",2025-03-01,122.390012029,4.06214529329,4.06214529329
05,"Furnishings, Household Equipment and Routine Houshold Maintenance",2025-04-01,167.005324342,36.4533931919,36.4533931919
05,"Furnishings, Household Equipment and Routine Houshold Maintenance",2025-05-01,165.675604677,-0.796213935061,-0.796213935061
05,"Furnishings, Household Equipment and Routine Houshold Maintenance",2025-06-01,165.675604677,0,0
05,"Furnishings, Household Equipment and Routine Houshold Maintenance",2025-07-01,162.184962762,-2.10691364149,-2.10691364149
05,"Furnishings, Household Equipment and Routine Houshold Maintenance",2025-08-01,155.153542793,-4.33543273619,-4.33543273619
05,"Furnishings, Household Equipment and Routine Houshold Maintenance",2025-09-01,186.648698443,20.2993467525,20.2993467525
05,"Furnishings, Household Equipment and Routine Houshold Maintenance",2025-10-01,148.740122429,-20.3101207404,-20.3101207404
05,"Furnishings, Household Equipment and Routine Houshold Maintenance",2025-11-01,119.196048634,-19.862881187,-19.862881187
05,"Furnishings, Household Equipment and Routine Houshold Maintenance",2025-12-01,112.410539787,-5.69272968686,-5.69272968686
05,"Furnishings, Household Equipment and Routine Houshold Maintenance",2026-01-01,111.692831116,-0.638470976838,-0.638470976838
05,"Furnishings, Household Equipment and Routine Houshold Maintenance",2026-02-01,111.015167289,-0.606720968979,-0.606720968979
06,Health,2022-12-01,88.0155178774,,
06,Health,2023-01-01,88.1266174655,0.126227273145,0.126227273145
06,Health,2023-02-01,88.844436272,0.814531213319,0.814531213319
06,Health,2023-03-01,87.6617546468,-1.33118254206,-1.33118254206
06,Health,2023-04-01,87.8120577514,0.171458015266,0.171458015266
06,Health,2023-05-01,88.198861626,0.440490616473,0.440490616473
06,Health,2023-06-01,88.8293757286,0.714877823806,0.714877823806
06,Health,2023-07-01,88.8250385689,-0.0048825736767,-0.0048825736767
06,Health,2023-08-01,88.654656738,-0.19181734524,-0.19181734524
06,Health,2023-09-01,89.3733606061,0.81067807892,0.81067807892
06,Health,2023-10-01,89.2150658271,-0.177116288199,-0.177116288199
06,Health,2023-11-01,97.3002329063,9.06255799307,9.06255799307
06,Health,2023-12-01,105.070295805,7.98565703954,7.98565703954
06,Health,2024-01-01,112.692519779,7.25440422087,7.25440422087
06,Health,2024-02-01,120.460429412,,6.89301264078
06,Health,2024-03-01,128.317743137,6.52273428144,6.52273428144
06,Health,2024-04-01,136.368593343,6.27415196772,6.27415196772
06,Health,2024-05-01,144.357155901,5.85806626186,5.85806626186
06,Health,2024-06-01,152.30671552,5.50686910484,5.50686910484
06,Health,2024-07-01,160.228369002,5.20111897567,5.20111897567
06,Health,2024-08-01,168.128724424,4.93068454149,4.93068454149
06,Health,2024-09-01,176.0121927,4.68894789005,4.68894789005
06,Health,2024-10-01,183.881923256,4.47112807059,4.47112807059
06,Health,2024-11-01,183.881923256,0,0
06,Health,2024-12-01,183.881923256,0,0
06,Health,2025-01-01,183.881923256,0,0
06,Health,2025-02-01,183.881923256,0,0
06,Health,2025-03-01,183.881923256,0,0
06,Health,2025-04-01,183.881923256,0,0
06,Health,2025-05-01,183.881923256,0,0
06,Health,2025-06-01,183.881923256,0,0
06,Health,2025-07-01,183.881923256,0,0
06,Health,2025-08-01,183.881923256,0,0
06,Health,2025-09-01,183.881923256,0,0
06,Health,2025-10-01,183.881923256,0,0
06,Health,2025-11-01,183.881923256,0,0
06,Health,2025-12-01,183.881923256,0,0
06,Health,2026-01-01,183.881923256,0,0
06,Health,2026-02-01,183.881923256,0,0
07,Transport,2022-12-01,99.1346170891,,
07,Transport,2023-01-01,99.4651068979,0.333374777152,0.333374777152
07,Transport,2023-02-01,99.5051282435,0.0402365681728,0.0402365681728
07,Transport,2023-03-01,104.652396039,5.1728668528,5.1728668528
07,Transport,2023-04-01,104.569179983,-0.0795166281425,-0.0795166281426
07,Transport,2023-05-01,104.363484125,-0.196707918354,-0.196707918354
07,Transport,2023-06-01,101.275776786,-2.95860890912,-2.95860890912
07,Transport,2023-07-01,101.233123058,-0.0421164172392,-0.0421164172392
07,Transport,2023-08-01,101.673583477,0.435095160896,0.435095160896
07,Transport,2023-09-01,105.207428956,3.47567712121,3.47567712121
07,Transport,2023-10-01,225.246914717,114.097917753,114.097917753
07,Transport,2023-11-01,256.350239117,13.8085462519,13.8085462519
07,Transport,2023-12-01,269.197601643,5.01164444795,5.01164444795
07,Transport,2024-01-01,379.253931538,40.8831019384,40.8831019384
07,Transport,2024-02-01,402.293852138,,6.07506440513
07,Transport,2024-03-01,454.32729169,12.9341871062,12.9341871062
07,Transport,2024-04-01,443.739117865,-2.33051679236,-2.33051679236
07,Transport,2024-05-01,482.186482016,8.66440721659,8.66440721659
07,Transport,2024-06-01,386.618176497,-19.8197811602,-19.8197811602
07,Transport,2024-07-01,426.698287109,10.3668459086,10.3668459086
07,Transport,2024-08-01,435.995611875,2.17889901313,2.17889901313
07,Transport,2024-09-01,421.902125544,-3.2324835268,-3.2324835268
07,Transport,2024-10-01,410.453273293,-2.71362753535,-2.71362753535
07,Transport,2024-11-01,421.955452256,2.80231142276,2.80231142276
07,Transport,2024-12-01,407.645612471,-3.39131529372,-3.39131529372
07,Transport,2025-01-01,334.071175226,-18.0486272865,-18.0486272865
07,Transport,2025-02-01,395.284959997,18.3235757258,18.3235757258
07,Transport,2025-03-01,328.687272252,-16.8480196527,-16.8480196527
07,Transport,2025-04-01,506.55242434,54.1137935973,54.1137935973
07,Transport,2025-05-01,401.132116718,-20.8113321655,-20.8113321655
07,Transport,2025-06-01,565.912359283,41.0787956628,41.0787956628
07,Transport,2025-07-01,629.200304102,11.1833473472,11.1833473472
07,Transport,2025-08-01,755.230861934,20.0302760521,20.0302760521
07,Transport,2025-09-01,706.340736274,-6.47353387217,-6.47353387217
07,Transport,2025-10-01,564.741634362,-20.0468548167,-20.0468548167
07,Transport,2025-11-01,404.691434919,-28.3404285614,-28.3404285614
07,Transport,2025-12-01,248.984402343,-38.4754949428,-38.4754949428
07,Transport,2026-01-01,241.257204088,-3.10348687805,-3.10348687805
07,Transport,2026-02-01,221.488439807,-8.19406175055,-8.19406175055
08,Information and Communication,2022-12-01,101.84629761,,
08,Information and Communication,2023-01-01,101.421941661,-0.416663107789,-0.416663107789
08,Information and Communication,2023-02-01,101.664950126,0.239601471688,0.239601471688
08,Information and Communication,2023-03-01,102.406158025,0.729069259215,0.729069259215
08,Information and Communication,2023-04-01,101.86048159,-0.532855099643,-0.532855099643
08,Information and Communication,2023-05-01,100.941602949,-0.902095323472,-0.902095323472
08,Information and Communication,2023-06-01,100.62236062,-0.316264374337,-0.316264374337
08,Information and Communication,2023-07-01,100.434608983,-0.186590371252,-0.186590371252
08,Information and Communication,2023-08-01,99.9436772434,-0.488807339386,-0.488807339386
08,Information and Communication,2023-09-01,101.455876568,1.51305151692,1.51305151692
08,Information and Communication,2023-10-01,101.593233022,0.135385409182,0.135385409182
08,Information and Communication,2023-11-01,101.593233022,0,0
08,Information and Communication,2023-12-01,101.593233022,0,0
08,Information and Communication,2024-01-01,101.593233022,0,0
08,Information and Communication,2024-02-01,101.593233022,,0
08,Information and Communication,2024-03-01,101.593233022,0,0
08,Information and Communication,2024-04-01,101.593233022,0,0
08,Information and Communication,2024-05-01,101.593233022,0,0
08,Information and Communication,2024-06-01,101.593233022,0,0
08,Information and Communication,2024-07-01,101.593233022,0,0
08,Information and Communication,2024-08-01,101.593233022,0,0
08,Information and Communication,2024-09-01,101.593233022,0,0
08,Information and Communication,2024-10-01,101.593233022,0,0
08,Information and Communication,2024-11-01,101.593233022,0,0
08,Information and Communication,2024-12-01,99.7815394675,-1.78328172089,-1.78328172089
08,Information and Communication,2025-01-01,99.7815394675,0,0
08,Information and Communication,2025-02-01,99.7815394675,0,0
08,Information and Communication,2025-03-01,99.7815394675,0,0
08,Information and Communication,2025-04-01,99.7815394675,0,0
08,Information and Communication,2025-05-01,99.7815394675,0,0
08,Information and Communication,2025-06-01,100.215521344,0.43493203155,0.43493203155
08,Information and Communication,2025-07-01,100.215521344,0,0
08,Information and Communication,2025-08-01,100.215521344,0,0
08,Information and Communication,2025-09-01,100.424007132,0.208037422388,0.208037422389
08,Information and Communication,2025-10-01,100.424007132,0,0
08,Information and Communication,2025-11-01,100.424007132,0,0
08,Information and Communication,2025-12-01,100.424007132,0,0
08,Information and Communication,2026-01-01,100.424007132,0,0
08,Information and Communication,2026-02-01,100.424007132,0,0
09,"Recreation, Sport, Culture, Gardens and Pets",2022-12-01,118.447563405,,
09,"Recreation, Sport, Culture, Gardens and Pets",2023-01-01,117.045301207,-1.18386749178,-1.18386749178
09,"Recreation, Sport, Culture, Gardens and Pets",2023-02-01,123.331919647,5.37109851891,5.37109851891
09,"Recreation, Sport, Culture, Gardens and Pets",2023-03-01,120.957258946,-1.92542263787,-1.92542263787
09,"Recreation, Sport, Culture, Gardens and Pets",2023-04-01,120.268682229,-0.569272752035,-0.569272752035
09,"Recreation, Sport, Culture, Gardens and Pets",2023-05-01,126.315332799,5.0276185429,5.0276185429
09,"Recreation, Sport, Culture, Gardens and Pets",2023-06-01,127.309585031,0.787119196618,0.787119196618
09,"Recreation, Sport, Culture, Gardens and Pets",2023-07-01,128.838201823,1.20070832958,1.20070832958
09,"Recreation, Sport, Culture, Gardens and Pets",2023-08-01,131.830626792,2.32262242629,2.32262242629
09,"Recreation, Sport, Culture, Gardens and Pets",2023-09-01,127.046742373,-3.62881110043,-3.62881110043
09,"Recreation, Sport, Culture, Gardens and Pets",2023-10-01,129.303009613,1.77593474433,1.77593474433
09,"Recreation, Sport, Culture, Gardens and Pets",2023-11-01,129.303009613,0,0
09,"Recreation, Sport, Culture, Gardens and Pets",2023-12-01,129.303009613,0,0
09,"Recreation, Sport, Culture, Gardens and Pets",2024-01-01,129.303009613,0,0
09,"Recreation, Sport, Culture, Gardens and Pets",2024-02-01,129.303009613,,0
09,"Recreation, Sport, Culture, Gardens and Pets",2024-03-01,129.303009613,0,0
09,"Recreation, Sport, Culture, Gardens and Pets",2024-04-01,129.303009613,0,0
09,"Recreation, Sport, Culture, Gardens and Pets",2024-05-01,129.303009613,0,0
09,"Recreation, Sport, Culture, Gardens and Pets",2024-06-01,129.303009613,0,0
09,"Recreation, Sport, Culture, Gardens and Pets",2024-07-01,129.303009613,0,0
09,"Recreation, Sport, Culture, Gardens and Pets",2024-08-01,129.303009613,0,0
09,"Recreation, Sport, Culture, Gardens and Pets",2024-09-01,129.303009613,0,0
09,"Recreation, Sport, Culture, Gardens and Pets",2024-10-01,129.303009613,0,0
09,"Recreation, Sport, Culture, Gardens and Pets",2024-11-01,129.303009613,0,0
09,"Recreation, Sport, Culture, Gardens and Pets",2024-12-01,132.203998405,2.24355859968,2.24355859968
09,"Recreation, Sport, Culture, Gardens and Pets",2025-01-01,132.203998405,0,0
09,"Recreation, Sport, Culture, Gardens and Pets",2025-02-01,132.203998405,0,0
09,"Recreation, Sport, Culture, Gardens and Pets",2025-03-01,132.203998405,0,0
09,"Recreation, Sport, Culture, Gardens and Pets",2025-04-01,132.203998405,0,0
09,"Recreation, Sport, Culture, Gardens and Pets",2025-05-01,132.203998405,0,0
09,"Recreation, Sport, Culture, Gardens and Pets",2025-06-01,132.203998405,0,0
09,"Recreation, Sport, Culture, Gardens and Pets",2025-07-01,132.203998405,0,0
09,"Recreation, Sport, Culture, Gardens and Pets",2025-08-01,132.203998405,0,0
09,"Recreation, Sport, Culture, Gardens and Pets",2025-09-01,132.203998405,0,0
09,"Recreation, Sport, Culture, Gardens and Pets",2025-10-01,132.203998405,0,0
09,"Recreation, Sport, Culture, Gardens and Pets",2025-11-01,132.203998405,0,0
09,"Recreation, Sport, Culture, Gardens and Pets",2025-12-01,132.203998405,0,0
09,"Recreation, Sport, Culture, Gardens and Pets",2026-01-01,132.203998405,0,0
09,"Recreation, Sport, Culture, Gardens and Pets",2026-02-01,132.203998405,0,0
0999,All items of consumer price index,2022-12-01,103.672476609,,
0999,All items of consumer price index,2023-01-01,102.880413216,-0.764005471452,-0.764005471452
0999,All items of consumer price index,2023-02-01,103.857108842,0.949350412011,0.949350412011
0999,All items of consumer price index,2023-03-01,105.67464992,1.75004012487,1.75004012487
0999,All items of consumer price index,2023-04-01,105.971726637,0.281123918575,0.281123918576
0999,All items of consumer price index,2023-05-01,105.71645493,-0.240886616363,-0.240886616363
0999,All items of consumer price index,2023-06-01,105.143515225,-0.541958870055,-0.541958870055
0999,All items of consumer price index,2023-07-01,105.312378031,0.160602206526,0.160602206526
0999,All items of consumer price index,2023-08-01,105.932556518,0.588894200727,0.588894200726
0999,All items of consumer price index,2023-09-01,107.424325972,1.40822567082,1.40822567082
0999,All items of consumer price index,2023-10-01,120.308964811,11.9941537654,11.9941537654
0999,All items of consumer price index,2023-11-01,142.382155886,18.3470875255,18.3470875255
0999,All items of consumer price index,2023-12-01,159.771939598,12.2134572299,12.2134572299
0999,All items of consumer price index,2024-01-01,178.008500332,11.4141198886,11.4141198886
0999,All items of consumer price index,2024-02-01,226.523874792,,27.2545268171
0999,All items of consumer price index,2024-03-01,283.827762161,25.2970630234,25.2970630234
0999,All items of consumer price index,2024-04-01,268.443603003,-5.42024467247,-5.42024467247
0999,All items of consumer price index,2024-05-01,365.688116814,36.2253049515,36.2253049515
0999,All items of consumer price index,2024-06-01,372.683716542,1.9129961862,1.9129961862
0999,All items of consumer price index,2024-07-01,361.918604039,-2.88853846452,-2.88853846452
0999,All items of consumer price index,2024-08-01,369.026111968,1.96384155164,1.96384155164
0999,All items of consumer price index,2024-09-01,411.004921593,11.37556619,11.37556619
0999,All items of consumer price index,2024-10-01,492.553042439,19.8411543419,19.8411543419
0999,All items of consumer price index,2024-11-01,633.472821591,28.6100718115,28.6100718115
0999,All items of consumer price index,2024-12-01,668.51355179,5.53152858421,5.53152858421
0999,All items of consumer price index,2025-01-01,312.365300108,-53.2746495158,-53.2746495158
0999,All items of consumer price index,2025-02-01,208.368153409,-33.2934377356,-33.2934377356
0999,All items of consumer price index,2025-03-01,292.927981848,40.5819349336,40.5819349336
0999,All items of consumer price index,2025-04-01,514.353749616,75.5905142183,75.5905142183
0999,All items of consumer price index,2025-05-01,736.586967103,43.2062987104,43.2062987104
0999,All items of consumer price index,2025-06-01,777.426287539,5.54439899975,5.54439899975
0999,All items of consumer price index,2025-07-01,824.697329246,6.08045321653,6.08045321653
0999,All items of consumer price index,2025-08-01,656.957114792,-20.3396092731,-20.3396092731
0999,All items of consumer price index,2025-09-01,568.367697816,-13.4848097359,-13.4848097359
0999,All items of consumer price index,2025-10-01,338.620525684,-40.4222782214,-40.4222782214
0999,All items of consumer price index,2025-11-01,221.127842993,-34.6974485537,-34.6974485537
0999,All items of consumer price index,2025-12-01,195.60056848,-11.5441249585,-11.5441249585
0999,All items of consumer price index,2026-01-01,198.385969782,1.42402515706,1.42402515706
0999,All items of consumer price index,2026-02-01,273.619461596,37.9227885401,37.9227885401
10,Education Services,2022-12-01,97.6870177972,,
10,Education Services,2023-01-01,97.6870177972,0,0
10,Education Services,2023-02-01,97.6870177972,0,0
10,Education Services,2023-03-01,98.3688495694,0.697975828878,0.697975828878
10,Education Services,2023-04-01,98.3688495694,0,0
10,Education Services,2023-05-01,98.3688495694,0,0
10,Education Services,2023-06-01,99.7900159841,1.44473216964,1.44473216964
10,Education Services,2023-07-01,99.7900159841,0,0
10,Education Services,2023-08-01,99.7900159841,0,0
10,Education Services,2023-09-01,102.395949937,2.61141751273,2.61141751273
10,Education Services,2023-10-01,102.395949937,0,0
10,Education Services,2023-11-01,102.395949937,0,0
10,Education Services,2023-12-01,102.395949937,0,0
10,Education Services,2024-01-01,102.395949937,0,0
10,Education Services,2024-02-01,102.395949937,,0
10,Education Services,2024-03-01,102.395949937,0,0
10,Education Services,2024-04-01,102.395949937,0,0
10,Education Services,2024-05-01,102.395949937,0,0
10,Education Services,2024-06-01,102.395949937,0,0
10,Education Services,2024-07-01,102.395949937,0,0
10,Education Services,2024-08-01,102.395949937,0,0
10,Education Services,2024-09-01,102.395949937,0,0
10,Education Services,2024-10-01,102.395949937,0,0
10,Education Services,2024-11-01,102.395949937,0,0
10,Education Services,2024-12-01,102.395949937,0,0
10,Education Services,2025-01-01,102.395949937,0,0
10,Education Services,2025-02-01,102.395949937,0,0
10,Education Services,2025-03-01,102.395949937,0,0
10,Education Services,2025-04-01,102.395949937,0,0
10,Education Services,2025-05-01,102.395949937,0,0
10,Education Services,2025-06-01,102.395949937,0,0
10,Education Services,2025-07-01,102.395949937,0,0
10,Education Services,2025-08-01,102.395949937,0,0
10,Education Services,2025-09-01,102.395949937,0,0
10,Education Services,2025-10-01,102.395949937,0,0
10,Education Services,2025-11-01,102.395949937,0,0
10,Education Services,2025-12-01,102.395949937,0,0
10,Education Services,2026-01-01,102.395949937,0,0
10,Education Services,2026-02-01,102.395949937,0,0
11,Resturants and Accomodation Services,2022-12-01,100.435525225,,
11,Resturants and Accomodation Services,2023-01-01,100.497248628,0.0614557477792,0.0614557477792
11,Resturants and Accomodation Services,2023-02-01,102.769463107,2.26097182789,2.26097182789
11,Resturants and Accomodation Services,2023-03-01,100.46624085,-2.24115431557,-2.24115431557
11,Resturants and Accomodation Services,2023-04-01,101.276063875,0.806064821712,0.806064821712
11,Resturants and Accomodation Services,2023-05-01,101.981221765,0.696273001837,0.696273001837
11,Resturants and Accomodation Services,2023-06-01,101.756772718,-0.220088603439,-0.220088603439
11,Resturants and Accomodation Services,2023-07-01,102.294088305,0.52803913885,0.52803913885
11,Resturants and Accomodation Services,2023-08-01,101.618725289,-0.660217053065,-0.660217053065
11,Resturants and Accomodation Services,2023-09-01,104.658113356,2.99097243959,2.99097243959
11,Resturants and Accomodation Services,2023-10-01,104.759925571,0.0972807659138,0.0972807659138
11,Resturants and Accomodation Services,2023-11-01,104.759925571,0,0
11,Resturants and Accomodation Services,2023-12-01,104.759925571,0,0
11,Resturants and Accomodation Services,2024-01-01,104.759925571,0,0
11,Resturants and Accomodation Services,2024-02-01,104.759925571,,0
11,Resturants and Accomodation Services,2024-03-01,104.759925571,0,0
11,Resturants and Accomodation Services,2024-04-01,104.759925571,0,0
11,Resturants and Accomodation Services,2024-05-01,104.759925571,0,0
11,Resturants and Accomodation Services,2024-06-01,104.759925571,0,0
11,Resturants and Accomodation Services,2024-07-01,104.759925571,0,0
11,Resturants and Accomodation Services,2024-08-01,104.759925571,0,0
11,Resturants and Accomodation Services,2024-09-01,104.759925571,0,0
11,Resturants and Accomodation Services,2024-10-01,104.759925571,0,0
11,Resturants and Accomodation Services,2024-11-01,104.759925571,0,0
11,Resturants and Accomodation Services,2024-12-01,104.759925571,0,0
11,Resturants and Accomodation Services,2025-01-01,104.759925571,0,0
11,Resturants and Accomodation Services,2025-02-01,104.759925571,0,0
11,Resturants and Accomodation Services,2025-03-01,104.759925571,0,0
11,Resturants and Accomodation Services,2025-04-01,104.759925571,0,0
11,Resturants and Accomodation Services,2025-05-01,104.759925571,0,0
11,Resturants and Accomodation Services,2025-06-01,104.759925571,0,0
11,Resturants and Accomodation Services,2025-07-01,104.759925571,0,0
11,Resturants and Accomodation Services,2025-08-01,104.759925571,0,0
11,Resturants and Accomodation Services,2025-09-01,104.759925571,0,0
11,Resturants and Accomodation Services,2025-10-01,104.759925571,0,0
11,Resturants and Accomodation Services,2025-11-01,104.759925571,0,0
11,Resturants and Accomodation Services,2025-12-01,108.579647849,3.64616742323,3.64616742323
11,Resturants and Accomodation Services,2026-01-01,107.648522778,-0.857550277439,-0.857550277439
11,Resturants and Accomodation Services,2026-02-01,107.648522778,0,0
12,Insurance and Financial Services,2022-12-01,100.995916809,,
12,Insurance and Financial Services,2023-01-01,100.97576706,-0.0199510531098,-0.0199510531099
12,Insurance and Financial Services,2023-02-01,101.397467872,0.417625757555,0.417625757555
12,Insurance and Financial Services,2023-03-01,101.975415588,0.569982395165,0.569982395165
12,Insurance and Financial Services,2023-04-01,102.314054577,0.332079048049,0.332079048049
12,Insurance and Financial Services,2023-05-01,102.867195943,0.540630872311,0.540630872311
12,Insurance and Financial Services,2023-06-01,102.637533577,-0.223261034721,-0.223261034721
12,Insurance and Financial Services,2023-07-01,102.791388809,0.149901528735,0.149901528735
12,Insurance and Financial Services,2023-08-01,102.718307713,-0.0710965159227,-0.0710965159227
12,Insurance and Financial Services,2023-09-01,102.130737475,-0.572020947815,-0.572020947815
12,Insurance and Financial Services,2023-10-01,102.660339463,0.518552985399,0.518552985399
12,Insurance and Financial Services,2023-11-01,101.984505821,-0.658320093201,-0.658320093201
12,Insurance and Financial Services,2023-12-01,101.451351895,-0.522779339549,-0.522779339549
12,Insurance and Financial Services,2024-01-01,101.333026962,-0.116632189512,-0.116632189512
12,Insurance and Financial Services,2024-02-01,101.123590727,,-0.206681120167
12,Insurance and Financial Services,2024-03-01,101.632652026,0.503405086267,0.503405086267
12,Insurance and Financial Services,2024-04-01,102.000563643,0.362001393621,0.362001393621
12,Insurance and Financial Services,2024-05-01,101.000849352,-0.980106634075,-0.980106634075
12,Insurance and Financial Services,2024-06-01,101.235909141,0.232730508134,0.232730508134
12,Insurance and Financial Services,2024-07-01,101.018065471,-0.215184189715,-0.215184189715
12,Insurance and Financial Services,2024-08-01,101.370632104,0.349013447924,0.349013447924
12,Insurance and Financial Services,2024-09-01,101.347366275,-0.022951251796,-0.022951251796
12,Insurance and Financial Services,2024-10-01,101.448291616,0.0995835849759,0.0995835849759
12,Insurance and Financial Services,2024-11-01,101.326291888,-0.120258040131,-0.120258040131
12,Insurance and Financial Services,2024-12-01,100.99318154,-0.328750161274,-0.328750161274
12,Insurance and Financial Services,2025-01-01,100.959317571,-0.0335309462613,-0.0335309462613
12,Insurance and Financial Services,2025-02-01,100.688941501,-0.26780695048,-0.26780695048
12,Insurance and Financial Services,2025-03-01,101.027929352,0.336668402074,0.336668402074
12,Insurance and Financial Services,2025-04-01,101.231947897,0.201942717196,0.201942717196
12,Insurance and Financial Services,2025-05-01,100.674983061,-0.550186820971,-0.550186820971
12,Insurance and Financial Services,2025-06-01,100.354549668,-0.318285023578,-0.318285023578
12,Insurance and Financial Services,2025-07-01,99.7379720054,-0.614399311703,-0.614399311703
12,Insurance and Financial Services,2025-08-01,99.4187212824,-0.320089446992,-0.320089446992
12,Insurance and Financial Services,2025-09-01,99.558450297,0.140545978495,0.140545978495
12,Insurance and Financial Services,2025-10-01,99.3119761495,-0.247567280084,-0.247567280084
12,Insurance and Financial Services,2025-11-01,99.2107555957,-0.101921800095,-0.101921800095
12,Insurance and Financial Services,2025-12-01,99.0216847155,-0.190574982636,-0.190574982636
12,Insurance and Financial Services,2026-01-01,98.6825998299,-0.34243497935,-0.34243497935
12,Insurance and Financial Services,2026-02-01,98.5250387488,-0.159664501483,-0.159664501483
12+13,Miscellaneous Goods and Services (12+13),2022-12-01,104.907957674,,
12+13,Miscellaneous Goods and Services (12+13),2023-01-01,104.941438568,0.0319145414196,0.0319145414197
12+13,Miscellaneous Goods and Services (12+13),2023-02-01,105.253311439,0.297187531253,0.297187531253
12+13,Miscellaneous Goods and Services (12+13),2023-03-01,111.437078781,5.87512854234,5.87512854234
12+13,Miscellaneous Goods and Services (12+13),2023-04-01,111.720941574,0.254729212694,0.254729212694
12+13,Miscellaneous Goods and Services (12+13),2023-05-01,111.945998207,0.201445341693,0.201445341693
12+13,Miscellaneous Goods and Services (12+13),2023-06-01,111.912026378,-0.0303466217486,-0.0303466217487
12+13,Miscellaneous Goods and Services (12+13),2023-07-01,111.834821714,-0.0689869237396,-0.0689869237395
12+13,Miscellaneous Goods and Services (12+13),2023-08-01,111.835813386,0.000886729974184,0.000886729974181
12+13,Miscellaneous Goods and Services (12+13),2023-09-01,111.558704359,-0.247782011183,-0.247782011183
12+13,Miscellaneous Goods and Services (12+13),2023-10-01,111.884348312,0.291903670878,0.291903670878
12+13,Miscellaneous Goods and Services (12+13),2023-11-01,112.513668354,0.562473707064,0.562473707064
12+13,Miscellaneous Goods and Services (12+13),2023-12-01,114.137616796,1.44333436643,1.44333436643
12+13,Miscellaneous Goods and Services (12+13),2024-01-01,118.95746841,4.22284234572,4.22284234573
12+13,Miscellaneous Goods and Services (12+13),2024-02-01,122.985391374,,3.38601940434
12+13,Miscellaneous Goods and Services (12+13),2024-03-01,123.023281249,0.0308084356771,0.030808435677
12+13,Miscellaneous Goods and Services (12+13),2024-04-01,121.214331044,-1.47041290608,-1.47041290608
12+13,Miscellaneous Goods and Services (12+13),2024-05-01,119.594781664,-1.33610387998,-1.33610387998
12+13,Miscellaneous Goods and Services (12+13),2024-06-01,127.047340955,6.23150875596,6.23150875596
12+13,Miscellaneous Goods and Services (12+13),2024-07-01,130.291877655,2.55380134332,2.55380134332
12+13,Miscellaneous Goods and Services (12+13),2024-08-01,135.391370778,3.91389948064,3.91389948064
12+13,Miscellaneous Goods and Services (12+13),2024-09-01,136.483191506,0.806418253759,0.806418253759
12+13,Miscellaneous Goods and Services (12+13),2024-10-01,134.305310912,-1.59571341328,-1.59571341328
12+13,Miscellaneous Goods and Services (12+13),2024-11-01,133.978619581,-0.243245280976,-0.243245280976
12+13,Miscellaneous Goods and Services (12+13),2024-12-01,129.562587113,-3.29607252368,-3.29607252368
12+13,Miscellaneous Goods and Services (12+13),2025-01-01,123.886363641,-4.38106678704,-4.38106678704
12+13,Miscellaneous Goods and Services (12+13),2025-02-01,119.176197603,-3.80200524018,-3.80200524018
12+13,Miscellaneous Goods and Services (12+13),2025-03-01,117.236644726,-1.62746665573,-1.62746665573
12+13,Miscellaneous Goods and Services (12+13),2025-04-01,138.458068847,18.1013574477,18.1013574477
12+13,Miscellaneous Goods and Services (12+13),2025-05-01,145.592835478,5.15301613718,5.15301613718
12+13,Miscellaneous Goods and Services (12+13),2025-06-01,152.950259153,5.05342426408,5.05342426408
12+13,Miscellaneous Goods and Services (12+13),2025-07-01,169.880263807,11.0689610778,11.0689610778
12+13,Miscellaneous Goods and Services (12+13),2025-08-01,178.978409748,5.35562268209,5.35562268209
12+13,Miscellaneous Goods and Services (12+13),2025-09-01,151.634980345,-15.2775015943,-15.2775015943
12+13,Miscellaneous Goods and Services (12+13),2025-10-01,122.262607607,-19.3704464966,-19.3704464966
12+13,Miscellaneous Goods and Services (12+13),2025-11-01,118.159793174,-3.35573934961,-3.35573934961
12+13,Miscellaneous Goods and Services (12+13),2025-12-01,116.847150569,-1.11090462344,-1.11090462344
12+13,Miscellaneous Goods and Services (12+13),2026-01-01,119.914290477,2.62491630632,2.62491630632
12+13,Miscellaneous Goods and Services (12+13),2026-02-01,117.716794774,-1.83255531462,-1.83255531462
13,"Personal Care, Social Protection and Miscellaneous Goods and Services",2022-12-01,106.935940646,,
13,"Personal Care, Social Protection and Miscellaneous Goods and Services",2023-01-01,106.997223404,0.0573079151011,0.0573079151011
13,"Personal Care, Social Protection and Miscellaneous Goods and Services",2023-02-01,107.252162004,0.23826655617,0.23826655617
13,"Personal Care, Social Protection and Miscellaneous Goods and Services",2023-03-01,116.341958995,8.47516434287,8.47516434287
13,"Personal Care, Social Protection and Miscellaneous Goods and Services",2023-04-01,116.597426074,0.219582927691,0.219582927691
13,"Personal Care, Social Protection and Miscellaneous Goods and Services",2023-05-01,116.652405176,0.0471529288159,0.047152928816
13,"Personal Care, Social Protection and Miscellaneous Goods and Services",2023-06-01,116.71987837,0.0578412376219,0.0578412376218
13,"Personal Care, Social Protection and Miscellaneous Goods and Services",2023-07-01,116.522893379,-0.168767303595,-0.168767303595
13,"Personal Care, Social Protection and Miscellaneous Goods and Services",2023-08-01,116.562284015,0.0338050619809,0.0338050619809
13,"Personal Care, Social Protection and Miscellaneous Goods and Services",2023-09-01,116.44611657,-0.099661263831,-0.0996612638309
13,"Personal Care, Social Protection and Miscellaneous Goods and Services",2023-10-01,116.666029669,0.188853957195,0.188853957195
13,"Personal Care, Social Protection and Miscellaneous Goods and Services",2023-11-01,117.971935037,1.11935357003,1.11935357003
13,"Personal Care, Social Protection and Miscellaneous Goods and Services",2023-12-01,120.714114863,2.32443404888,2.32443404888
13,"Personal Care, Social Protection and Miscellaneous Goods and Services",2024-01-01,128.0938932,6.11343449331,6.11343449331
13,"Personal Care, Social Protection and Miscellaneous Goods and Services",2024-02-01,134.318442577,,4.85936465984
13,"Personal Care, Social Protection and Miscellaneous Goods and Services",2024-03-01,134.112079476,-0.153637205026,-0.153637205026
13,"Personal Care, Social Protection and Miscellaneous Goods and Services",2024-04-01,131.174654683,-2.19027607722,-2.19027607722
13,"Personal Care, Social Protection and Miscellaneous Goods and Services",2024-05-01,129.233785805,-1.47960662261,-1.47960662261
13,"Personal Care, Social Protection and Miscellaneous Goods and Services",2024-06-01,140.427861759,8.66188039338,8.66188039338
13,"Personal Care, Social Protection and Miscellaneous Goods and Services",2024-07-01,145.467279616,3.58861681244,3.58861681244
13,"Personal Care, Social Protection and Miscellaneous Goods and Services",2024-08-01,153.02755636,5.19723525743,5.19723525743
13,"Personal Care, Social Protection and Miscellaneous Goods and Services",2024-09-01,154.697432539,1.09122580229,1.09122580229
13,"Personal Care, Social Protection and Miscellaneous Goods and Services",2024-10-01,151.338230025,-2.17146623547,-2.17146623547
13,"Personal Care, Social Protection and Miscellaneous Goods and Services",2024-11-01,150.905427561,-0.285983563651,-0.285983563651
13,"Personal Care, Social Protection and Miscellaneous Goods and Services",2024-12-01,144.372828111,-4.32893604713,-4.32893604713
13,"Personal Care, Social Protection and Miscellaneous Goods and Services",2025-01-01,135.771632894,-5.9576274349,-5.9576274349
13,"Personal Care, Social Protection and Miscellaneous Goods and Services",2025-02-01,128.759901316,-5.16435681688,-5.16435681688
13,"Personal Care, Social Protection and Miscellaneous Goods and Services",2025-03-01,125.639163999,-2.42368725433,-2.42368725433
13,"Personal Care, Social Protection and Miscellaneous Goods and Services",2025-04-01,157.755909023,25.5626860304,25.5626860304
13,"Personal Care, Social Protection and Miscellaneous Goods and Services",2025-05-01,168.878031863,7.05020997896,7.05020997896
13,"Personal Care, Social Protection and Miscellaneous Goods and Services",2025-06-01,180.215619327,6.71347678464,6.71347678464
13,"Personal Care, Social Protection and Miscellaneous Goods and Services",2025-07-01,206.241686975,14.4416270605,14.4416270605
13,"Personal Care, Social Protection and Miscellaneous Goods and Services",2025-08-01,220.221765576,6.77849313903,6.77849313903
13,"Personal Care, Social Protection and Miscellaneous Goods and Services",2025-09-01,178.631200422,-18.8857650129,-18.8857650129
13,"Personal Care, Social Protection and Miscellaneous Goods and Services",2025-10-01,134.160103411,-24.8954812517,-24.8954812517
13,"Personal Care, Social Protection and Miscellaneous Goods and Services",2025-11-01,127.982882159,-4.60436530314,-4.60436530314
13,"Personal Care, Social Protection and Miscellaneous Goods and Services",2025-12-01,126.087785432,-1.48074234228,-1.48074234228
13,"Personal Care, Social Protection and Miscellaneous Goods and Services",2026-01-01,130.92069572,3.8329726157,3.8329726157
13,"Personal Care, Social Protection and Miscellaneous Goods and Services",2026-02-01,127.665707823,-2.48622868899,-2.48622868899
