code,group_en,months,mean_monthly_change,sd_monthly_change,max_monthly_change
011613,Dates,39,35.56157387,188.24625144,1080.32786885
04522,Liquefied hydrocarbons,39,49.87298086,181.13116095,925.22542831
0452,Gas,39,49.87298086,181.13116095,925.22542831
01133,Fish preparations,39,20.80737273,148.20639145,885.76644882
011331,"Tunas, skipjack or stripe-bellied bonito, prepared or preserved",39,20.80737273,148.20639145,885.76644882
011631,Apples,39,29.47829859,140.48762093,742.10526316
011770.4,Dry garlic,39,36.87561983,139.76871439,608.62068965
011931,Salt,39,28.51588634,135.94231213,680.00000000
011659,"Other fruits, fresh",39,28.14021904,128.76610567,575.00000000
011645,Strawberries,39,21.96249351,115.03495680,636.61687608
01164,"Berries, fresh",39,21.96249351,115.03495680,636.61687608
011224.1,Fresh chicken,39,19.69745245,110.90436481,637.70491803
011224,"Meat of poultry, fresh, chilled or frozen",39,19.15156588,109.96577946,637.70491803
011224.2,Fresh turkey,39,16.61751840,106.39015495,637.70491803
011742,Garlic,39,17.86258030,105.74902577,605.88235294
011770.3,Dry onion,39,27.52755664,95.63428431,309.45083637
0117.3,Dried vegetables,39,27.16550403,95.56293117,330.02882372
01177,"Other vegetables, tubers, plantains and cooking bananas, dried and dehydrated",39,27.16550403,95.56293117,330.02882372
011770,"Other vegetables, tubers, plantains and cooking bananas, dried and dehydrate",39,27.16550403,95.56293117,330.02882372
01161,"Dates, figs and tropical fruit, fresh",39,21.82938667,92.91295868,407.30382540
011131.1,Bread - kmaj,39,22.85571204,86.89436871,370.10869565
011612,Bananas,39,20.38210178,85.43799377,343.44262295
01182,Other sugar and sugar substitutes,39,26.12009920,85.29864433,283.04093567
01175,"Tubers, plantains and cooking bananas",39,18.26688545,79.23383876,344.68864469
011751,Potatoes,39,18.26688545,79.23383876,344.68864469
0117.5,Potatoes and other tubers,39,18.26688545,79.23383876,344.68864469
02301.2,Imported cigarettes,39,28.14294798,76.25037391,287.38653304
023,TOBACCO,39,27.20546059,74.90739246,282.77493998
02,"ALCOHOLIC BEVERAGES, TOBACCO AND NARCOTICS",39,27.20546059,74.90739246,282.77493998
011741,Carrots and turnips,39,14.96495892,73.69966710,392.30769231
01148,Eggs,39,20.13967078,73.47728177,315.38461539
011481,"Eggs of hen and other birds in shell, fresh",39,20.13967078,73.47728177,315.38461539
011121.2,White flour,39,9.87110873,72.57668742,385.94720497
011121,Flour of wheat,39,9.82334424,72.50325884,385.94720497
01112,Flour of cereals,39,9.82334424,72.50325884,385.94720497
011116,Maize (corn),39,13.89214067,72.41662965,350.00000000
011119.1,Semolina,39,15.04682011,69.62478525,237.50000000
011721,"Chillies and peppers, green",39,15.78308392,67.31578515,357.56933684
0112,"Live animals, meat and other parts of slaughtered land animals",39,11.30364518,66.53373923,372.79419663
011715,Spinach,39,13.43928626,66.18757153,264.07838614
01163,"Stone fruits and pome fruits, fresh",39,14.44561919,64.24604467,243.85064337
011511,Sunflower-seed and safflower-seed oil,39,10.86013444,62.68853481,252.98782215
011622,Lemons and limes,39,15.82059778,59.58354721,213.27433628
011119,Other cereals,39,11.49648716,58.72179240,200.71295769
0118,"Sugar, confectionery and desserts",39,14.03596233,58.66294890,154.72504090
0126,Soft drinks,39,9.84209454,58.45232833,332.90043290
012600,Soft drinks,39,9.84209454,58.45232833,332.90043290
0454,Solid fuels,39,10.26136628,58.25325158,282.97872340
04541,"Coal, coal briquettes and peat",39,10.26136628,58.25325158,282.97872340
011763,"Chick peas, dry",39,10.02999131,58.06834580,262.40530303
011725,"Pumpkins, squash and gourds",39,12.44166577,54.62331080,239.68311024
011450.2,White cheese,39,11.76752938,53.62270865,189.83417448
011724,Tomatoes,39,14.77713426,52.86704402,201.54320988
011150.1,Macaroni,39,8.05684759,52.49779581,261.00000000
011623,Oranges,39,11.33319425,51.16353156,197.87234043
07222,Petrol,39,14.68638587,50.97642181,172.22222222
0722,Fuels and lubricants for personal transport equipment,39,14.25305998,49.52521494,162.67068947
011517,Corn oil,39,7.16044372,49.23751311,212.07891308
011450.3,Triangles cheese,39,11.19320618,49.19042624,160.36644166
04,"HOUSING, WATER, ELECTRICITY, GAS AND OTHER FUELS",39,10.73259947,48.14504471,207.48992828
011150.3,Burghul,39,9.17710019,46.58709919,150.00000000
0117.4,Dried pluses,39,6.72453357,46.54196462,165.21631604
01176,Pulses,39,6.72453357,46.54196462,165.21631604
011764,"Lentils, dry",39,5.93538235,45.92540491,177.47210517
01193,"Salt, condiments and sauces",39,7.33601072,43.71870322,207.26050417
0117,"Vegetables, tubers, plantains, cooking bananas and pulses",39,9.47163685,42.75317348,147.86106330
01151,Vegetable oils,39,6.39803444,42.74752721,145.22805495
01141,Raw and whole milk,39,5.47955692,42.61125385,233.33333333
011411,Raw and whole milk of cattle,39,5.47955692,42.61125385,233.33333333
01113,Bread and bakery products,39,8.71972490,42.22169850,157.97582072
011723,Eggplants (aubergines),39,11.34398661,42.19307691,136.95238095
0115,Oils and fats,39,6.17046893,41.71765589,140.83605010
01162,"Citrus fruits, fresh",39,9.92657024,41.46170941,128.30857570
011460.1,yogurt,39,6.97865387,41.35034350,233.33333333
01146,Yoghurt and similar products,39,6.74562887,41.11381716,233.33333333
0453,Liquid fuels,39,10.54771261,40.74120694,129.16990707
04530,Liquid fuels,39,10.54771261,40.74120694,129.16990707
011792,Canned vegetables,39,5.80881900,40.48025812,151.66785569
011712,Cabbages,39,8.38117226,40.47231011,141.13475177
0114,"Milk, other dairy products and eggs",39,8.99141866,40.05017941,151.92904065
07221,Diesel,39,10.19637085,39.90648635,129.16990707
01172,"Fruit-bearing vegetables, fresh or chilled",39,9.59201730,38.76228481,160.52598164
0116.1,Fresh fruit,39,9.01784489,37.52605561,116.46666439
01179,"Vegetables, tubers, plantains, cooking bananas and pulses ground and other preparations",39,5.24041864,37.26045870,130.83505194
011990,Other food products,39,6.65968835,37.23941188,146.78432099
01199,Other food products,39,6.65968835,37.23941188,146.78432099
0111,Cereals and cereal products,39,5.20071651,37.06512246,165.80428535
01171,"Leafy or stem vegetables, fresh or chilled",39,7.32760786,36.49286976,123.24767458
01165,"Other fruits, fresh",39,8.87207867,36.47039722,106.94256789
0116,Fruits and nuts,39,8.14341919,36.08436253,107.34777665
011713,Cauliflowers and broccoli,39,7.85746679,35.77648835,106.25000000
011319,"Other fish, live, fresh, chilled, or frozen",39,4.85975099,35.06297364,183.75719427
01131,"Fish, live, fresh, chilled, or frozen",39,4.85975099,35.06297364,183.75719427
011714,Lettuce and chicory,39,3.60910480,34.65884912,190.45379137
011119.2,Crushed green wheat,39,3.57750415,33.81498392,138.18897638
01115,"Macaroni, noodles, couscous and similar pasta products",39,4.83605948,33.11641455,121.78720494
0117.1,Fresh vegetables,39,7.94263113,33.09497537,127.14829751
011,FOOD,39,6.04455882,32.09070625,92.38337289
011722,Cucumbers and gherkins,39,7.15315649,32.00083924,116.84048005
01145,Cheese,39,5.17076674,31.73337858,158.34614930
01,FOOD AND NON-ALCOHOLIC BEVERAGES,39,5.87937544,31.41992228,91.13649179
011731,"Beans, green",39,7.22236762,31.41179573,131.10281427
01194,"Spices, culinary herbs and seeds",39,5.57389150,30.21918656,103.22957222
011940,"Spices, culinary herbs and seeds",39,5.57389150,30.21918656,103.22957222
01173,"Green leguminous vegetables, fresh or chilled",39,6.55330348,29.36174106,109.24712507
011513,Olive oil,39,3.77848175,29.11441574,127.41116751
073,PASSENGER TRANSPORT SERVICES,39,3.25996444,28.64130080,167.51557691
0122,Coffee and coffee substitutes,39,5.31743096,28.62518618,113.59201942
012201,Coffee,39,5.31743096,28.62518618,113.59201942
01174,"Other vegetables, fresh or chilled",39,5.99991865,28.41221024,119.53656154
0124,Water,39,4.68708258,27.28745822,110.52631579
012500,Water,39,4.68708258,27.28745822,110.52631579
07,TRANSPORT,39,4.62903816,25.62239783,114.09791775
011923,Homogenized baby food,39,5.65230418,25.03662714,94.80519481
0999,Consumer Price Index,39,5.54098763,24.36315205,75.59051422
011921,Baby formula,39,3.89519117,24.33090315,57.95454545
011112,Rice,39,2.64378622,23.68297571,70.98512223
012,NON-ALCOHOLIC BEVERAGES,39,3.99989245,23.65720894,86.69541175
01111,Cereals,39,2.63135222,23.35897696,68.33680817
01192,Baby food,39,4.03439539,22.86411218,57.95454545
0119,Ready-made food and other food products,39,3.91402208,22.75576814,71.04395419
011221.1,Fresh bovine meat,39,5.54813095,22.44233979,60.09219625
0112.1.1,Fresh meat,39,5.51850472,22.40467127,60.09219625
011223.1,Fresh gat meat,39,5.08796207,21.90621506,60.09219625
01143,Other milk and cream,39,1.49435992,19.06646051,74.60317460
011432,Powdered milk,39,1.49435992,19.06646051,74.60317460
011139.4,Biscuits,39,2.90819107,16.62250627,100.00000000
0441,Water supply,39,3.54212381,16.52448969,95.73464348
04411,Water supply through network systems,39,3.54212381,16.52448969,95.73464348
011139,Other bakery products,39,2.14264525,12.95473123,64.65312633
