code,group_en,date,cpi_index,reported_pct_change,pct_change,pct_change_lag_1,pct_change_lag_2,pct_change_lag_3,pct_change_rolling_mean_3,pct_change_rolling_std_3,pct_change_rolling_mean_6,pct_change_rolling_std_6,month,year,month_sin,month_cos
01,Food and Non-Alcoholic Beverages,2023-07-01,104.7691938,-0.3238507855,-0.3238507855,-1.083233676,-1.074900069,0.5349382657,-0.5410651597,0.9318556169,-0.07757786849,1.673110978,7,2023,-0.5,-0.8660254038
02,"Alcholoic Beverages, Tobacco and Narcotics",2023-07-01,114.6843322,1.936316306,1.936316306,0.6805405217,0.008698685253,0.1155491322,0.2682627797,0.3610179454,0.2230629271,0.4925932005,7,2023,-0.5,-0.8660254038
03,Clothing and Footwear,2023-07-01,99.93442338,1.961272542,1.961272542,0.2491776048,0.02387650629,0.7267282627,0.3332607913,0.3588908393,0.1530616583,0.6541230816,7,2023,-0.5,-0.8660254038
04,"Housing, Water, Electricity, Gas and Other Fuels",2023-07-01,106.8940869,0.4461764274,0.4461764274,-0.4132779953,-0.0560786222,0.255455272,-0.07130044848,0.3346263942,-0.2479809719,0.6464094755,7,2023,-0.5,-0.8660254038
05,"Furnishings, Household Equipment and Routine Houshold Maintenance",2023-07-01,101.8344058,0.8229920265,0.8229920265,-0.4454026881,0.2256578478,0.05730872533,-0.05414537168,0.3491376126,0.04718654822,0.5476846089,7,2023,-0.5,-0.8660254038
06,Health,2023-07-01,88.82503857,-0.004882573677,-0.004882573677,0.7148778238,0.4404906165,0.1714580153,0.4422754852,0.2717143011,0.1560670667,0.7797153254,7,2023,-0.5,-0.8660254038
07,Transport,2023-07-01,101.2331231,-0.04211641724,-0.04211641724,-2.958608909,-0.1967079184,-0.07951662814,-1.078277819,1.629468382,0.3852741238,2.637387945,7,2023,-0.5,-0.8660254038
08,Information and Communication,2023-07-01,100.434609,-0.1865903713,-0.1865903713,-0.3162643743,-0.9020953235,-0.5328550996,-0.5837382658,0.2962115759,-0.1998678624,0.5866190766,7,2023,-0.5,-0.8660254038
09,"Recreation, Sport, Culture, Gardens and Pets",2023-07-01,128.8382018,1.20070833,1.20070833,0.7871191966,5.027618543,-0.569272752,1.748488329,2.919669673,1.251212229,3.187001033,7,2023,-0.5,-0.8660254038
10,Education Services,2023-07-01,99.79001598,0,0,1.44473217,0,0,0.4815773899,0.834116507,0.3571179998,0.6015349874,7,2023,-0.5,-0.8660254038
11,Resturants and Accomodation Services,2023-07-01,102.2940883,0.5280391388,0.5280391388,-0.2200886034,0.6962730018,0.8060648217,0.4274164067,0.5634364335,0.2272537467,1.484025139,7,2023,-0.5,-0.8660254038
12,Insurance and Financial Services,2023-07-01,102.7913888,0.1499015287,0.1499015287,-0.2232610347,0.5406308723,0.332079048,0.2164829619,0.3948475057,0.2695176642,0.3213267324,7,2023,-0.5,-0.8660254038
13,"Personal Care, Social Protection and Miscellaneous Goods and Services",2023-07-01,116.5228934,-0.1687673036,-0.1687673036,0.05784123762,0.04715292882,0.2195829277,0.1081923647,0.09661497362,1.515885985,3.410419023,7,2023,-0.5,-0.8660254038
01,Food and Non-Alcoholic Beverages,2023-08-01,106.4838681,1.636620752,1.636620752,-0.3238507855,-1.083233676,-1.074900069,-0.8273281768,0.4360441203,0.2548055098,1.294149266,8,2023,-0.8660254038,-0.5
02,"Alcholoic Beverages, Tobacco and Narcotics",2023-08-01,113.5592603,-0.9810162464,-0.9810162464,1.936316306,0.6805405217,0.008698685253,0.8751851711,0.9784387195,0.5251135641,0.8474973667,8,2023,-0.8660254038,-0.5
03,Clothing and Footwear,2023-08-01,99.43141563,-0.5033378183,-0.5033378183,1.961272542,0.2491776048,0.02387650629,0.7447755511,1.059522932,0.3606385074,0.9832390773,8,2023,-0.8660254038,-0.5
04,"Housing, Water, Electricity, Gas and Other Fuels",2023-08-01,107.4876594,0.5552903354,0.5552903354,0.4461764274,-0.4132779953,-0.0560786222,-0.007726730015,0.4317625566,-0.1910712134,0.6967426705,8,2023,-0.8660254038,-0.5
05,"Furnishings, Household Equipment and Routine Houshold Maintenance",2023-08-01,102.5750268,0.7272797435,0.7272797435,0.8229920265,-0.4454026881,0.2256578478,0.2010823954,0.6345543733,0.3040096996,0.4733895524,8,2023,-0.8660254038,-0.5
06,Health,2023-08-01,88.65465674,-0.1918173452,-0.1918173452,-0.004882573677,0.7148778238,0.4404906165,0.3834952889,0.3632493744,0.1342154255,0.782550874,8,2023,-0.8660254038,-0.5
07,Transport,2023-08-01,101.6735835,0.4350951609,0.4350951609,-0.04211641724,-2.958608909,-0.1967079184,-1.065811082,1.641032402,0.322692258,2.643314059,8,2023,-0.8660254038,-0.5
08,Information and Communication,2023-08-01,99.94367724,-0.4888073394,-0.4888073394,-0.1865903713,-0.3162643743,-0.9020953235,-0.4683166897,0.3812174761,-0.1615224063,0.5770552096,8,2023,-0.8660254038,-0.5
09,"Recreation, Sport, Culture, Gardens and Pets",2023-08-01,131.8306268,2.322622426,2.322622426,1.20070833,0.7871191966,5.027618543,2.338482023,2.338023826,1.648641533,2.963447823,8,2023,-0.8660254038,-0.5
10,Education Services,2023-08-01,99.79001598,0,0,0,1.44473217,0,0.4815773899,0.834116507,0.3571179998,0.6015349874,8,2023,-0.8660254038,-0.5
11,Resturants and Accomodation Services,2023-08-01,101.6187253,-0.6602170531,-0.6602170531,0.5280391388,-0.2200886034,0.6962730018,0.3347411791,0.487803981,0.3050176452,1.48582318,8,2023,-0.8660254038,-0.5
12,Insurance and Financial Services,2023-08-01,102.7183077,-0.07109651592,-0.07109651592,0.1499015287,-0.2232610347,0.5406308723,0.1557571221,0.3819796165,0.2978264278,0.2973085635,8,2023,-0.8660254038,-0.5
13,"Personal Care, Social Protection and Miscellaneous Goods and Services",2023-08-01,116.562284,0.03380506198,0.03380506198,-0.1687673036,0.05784123762,0.04715292882,-0.02125771239,0.1278587878,1.478206782,3.430943833,8,2023,-0.8660254038,-0.5
01,Food and Non-Alcoholic Beverages,2023-09-01,109.8220664,3.134933328,3.134933328,1.636620752,-0.3238507855,-1.083233676,0.07651209691,1.403431457,0.2315131573,1.262148681,9,2023,-1,-1.836970199e-16
02,"Alcholoic Beverages, Tobacco and Narcotics",2023-09-01,113.9234752,0.3207267121,0.3207267121,-0.9810162464,1.936316306,0.6805405217,0.5452801939,1.463362164,0.2134640871,1.014357638,9,2023,-1,-1.836970199e-16
03,Clothing and Footwear,2023-09-01,98.88375267,-0.5507946928,-0.5507946928,-0.5033378183,1.961272542,0.2491776048,0.5690374429,1.263055341,0.2339577632,1.046247478,9,2023,-1,-1.836970199e-16
04,"Housing, Water, Electricity, Gas and Other Fuels",2023-09-01,106.9996308,-0.4540322224,-0.4540322224,0.5552903354,0.4461764274,-0.4132779953,0.1960629225,0.5305174142,-0.1157933492,0.7567644279,9,2023,-1,-1.836970199e-16
05,"Furnishings, Household Equipment and Routine Houshold Maintenance",2023-09-01,103.3390174,0.7448115516,0.7448115516,0.7272797435,0.8229920265,-0.4454026881,0.368289694,0.7063014086,0.2974771681,0.4659432876,9,2023,-1,-1.836970199e-16
06,Health,2023-09-01,89.37336061,0.8106780789,0.8106780789,-0.1918173452,-0.004882573677,0.7148778238,0.1727259683,0.4787302247,-0.03350933424,0.7122650599,9,2023,-1,-1.836970199e-16
07,Transport,2023-09-01,105.207429,3.475677121,3.475677121,0.4350951609,-0.04211641724,-2.958608909,-0.8552100552,1.837157526,0.3885020235,2.63978839,9,2023,-1,-1.836970199e-16
08,Information and Communication,2023-09-01,101.4558766,1.513051517,1.513051517,-0.4888073394,-0.1865903713,-0.3162643743,-0.3305540283,0.151614378,-0.2829238748,0.5518602608,9,2023,-1,-1.836970199e-16
09,"Recreation, Sport, Culture, Gardens and Pets",2023-09-01,127.0467424,-3.6288111,-3.6288111,2.322622426,1.20070833,0.7871191966,1.436816651,0.794514252,1.140562184,2.406608048,9,2023,-1,-1.836970199e-16
10,Education Services,2023-09-01,102.3959499,2.611417513,2.611417513,0,0,1.44473217,0.4815773899,0.834116507,0.3571179998,0.6015349874,9,2023,-1,-1.836970199e-16
11,Resturants and Accomodation Services,2023-09-01,104.6581134,2.99097244,2.99097244,-0.6602170531,0.5280391388,-0.2200886034,-0.1174221726,0.6007441148,-0.1818471683,1.159486937,9,2023,-1,-1.836970199e-16
12,Insurance and Financial Services,2023-09-01,102.1307375,-0.5720209478,-0.5720209478,-0.07109651592,0.1499015287,-0.2232610347,-0.0481520073,0.1876363839,0.2163727156,0.32369922,9,2023,-1,-1.836970199e-16
13,"Personal Care, Social Protection and Miscellaneous Goods and Services",2023-09-01,116.4461166,-0.09966126383,-0.09966126383,0.03380506198,-0.1687673036,0.05784123762,-0.02570700133,0.1244753871,1.444129866,3.446701469,9,2023,-1,-1.836970199e-16
01,Food and Non-Alcoholic Beverages,2023-10-01,120.5933246,9.807918006,9.807918006,3.134933328,1.636620752,-0.3238507855,1.482567765,1.734530521,0.4707513025,1.667125512,10,2023,-0.8660254038,0.5
02,"Alcholoic Beverages, Tobacco and Narcotics",2023-10-01,114.3992318,0.4176106759,0.4176106759,0.3207267121,-0.9810162464,1.936316306,0.4253422573,1.461477203,0.3468025185,0.9559822265,10,2023,-0.8660254038,0.5
03,Clothing and Footwear,2023-10-01,99.06573159,0.1840331859,0.1840331859,-0.5507946928,-0.5033378183,1.961272542,0.3023800104,1.436839018,0.3178204008,0.9368082439,10,2023,-0.8660254038,0.5
04,"Housing, Water, Electricity, Gas and Other Fuels",2023-10-01,107.0545429,0.05131983804,0.05131983804,-0.4540322224,0.5552903354,0.4461764274,0.1824781802,0.5539274146,0.05558886584,0.4322559883,10,2023,-0.8660254038,0.5
05,"Furnishings, Household Equipment and Routine Houshold Maintenance",2023-10-01,102.971624,-0.3555224972,-0.3555224972,0.7448115516,0.7272797435,0.8229920265,0.7650277739,0.05095813977,0.3554412011,0.5011096831,10,2023,-0.8660254038,0.5
06,Health,2023-10-01,89.21506583,-0.1771162882,-0.1771162882,0.8106780789,-0.1918173452,-0.004882573677,0.2046593867,0.5330854938,0.3234674359,0.4001773921,10,2023,-0.8660254038,0.5
07,Transport,2023-10-01,225.2469147,114.0979178,114.0979178,3.475677121,0.4350951609,-0.04211641724,1.289551955,1.908216485,0.1056370682,2.049528798,10,2023,-0.8660254038,0.5
08,Information and Communication,2023-10-01,101.593233,0.1353854092,0.1353854092,1.513051517,-0.4888073394,-0.1865903713,0.2792179354,1.079162988,-0.1522601652,0.8510826295,10,2023,-0.8660254038,0.5
09,"Recreation, Sport, Culture, Gardens and Pets",2023-10-01,129.3030096,1.775934744,1.775934744,-3.6288111,2.322622426,1.20070833,-0.03516011485,3.162343809,0.8566641072,2.892123143,10,2023,-0.8660254038,0.5
10,Education Services,2023-10-01,102.3959499,0,0,2.611417513,0,0,0.8704725042,1.507702604,0.6760249471,1.110377782,10,2023,-0.8660254038,0.5
11,Resturants and Accomodation Services,2023-10-01,104.7599256,0.09728076591,0.09728076591,2.99097244,-0.6602170531,0.5280391388,0.9529315085,1.862309406,0.6901739576,1.263769208,10,2023,-0.8660254038,0.5
12,Insurance and Financial Services,2023-10-01,102.6603395,0.5185529854,0.5185529854,-0.5720209478,-0.07109651592,0.1499015287,-0.1644053117,0.3698958151,0.02603882511,0.4007664529,10,2023,-0.8660254038,0.5
13,"Personal Care, Social Protection and Miscellaneous Goods and Services",2023-10-01,116.6660297,0.1888539572,0.1888539572,-0.09966126383,0.03380506198,-0.1687673036,-0.07820783515,0.1029761041,0.01499226478,0.135642629,10,2023,-0.8660254038,0.5
01,Food and Non-Alcoholic Beverages,2023-11-01,133.2904801,10.5289041,10.5289041,9.807918006,3.134933328,1.636620752,4.859824029,4.350167888,2.016247926,4.165182843,11,2023,-0.5,0.8660254038
02,"Alcholoic Beverages, Tobacco and Narcotics",2023-11-01,258.420788,125.8938141,125.8938141,0.4176106759,0.3207267121,-0.9810162464,-0.08089295278,0.7810333433,0.3971461091,0.9492985716,11,2023,-0.5,0.8660254038
03,Clothing and Footwear,2023-11-01,101.2840631,2.239252145,2.239252145,0.1840331859,-0.5507946928,-0.5033378183,-0.2900331084,0.4112385893,0.2273712214,0.9153857639,11,2023,-0.5,0.8660254038
04,"Housing, Water, Electricity, Gas and Other Fuels",2023-11-01,198.4433733,85.36660656,85.36660656,0.05131983804,-0.4540322224,0.5552903354,0.05085931703,0.5046614365,0.02156629351,0.4212725077,11,2023,-0.5,0.8660254038
05,"Furnishings, Household Equipment and Routine Houshold Maintenance",2023-11-01,104.0628883,1.059771896,1.059771896,-0.3555224972,0.7448115516,0.7272797435,0.3721895993,0.6302781232,0.2866359973,0.5733648129,11,2023,-0.5,0.8660254038
06,Health,2023-11-01,97.30023291,9.062557993,9.062557993,-0.1771162882,0.8106780789,-0.1918173452,0.1472481485,0.5745941913,0.2653717187,0.4489846885,11,2023,-0.5,0.8660254038
07,Transport,2023-11-01,256.3502391,13.80854625,13.80854625,114.0979178,3.475677121,0.4350951609,39.33623001,64.76336735,19.13520947,46.56707176,11,2023,-0.5,0.8660254038
08,Information and Communication,2023-11-01,101.593233,0,0,0.1353854092,1.513051517,-0.4888073394,0.3865431956,1.024289947,-0.04088674706,0.8348857951,11,2023,-0.5,0.8660254038
09,"Recreation, Sport, Culture, Gardens and Pets",2023-11-01,129.3030096,0,0,1.775934744,-3.6288111,2.322622426,0.1565820234,3.289622726,1.247532023,2.818403009,11,2023,-0.5,0.8660254038
10,Education Services,2023-11-01,102.3959499,0,0,0,2.611417513,0,0.8704725042,1.507702604,0.6760249471,1.110377782,11,2023,-0.5,0.8660254038
11,Resturants and Accomodation Services,2023-11-01,104.7599256,0,0,0.09728076591,2.99097244,-0.6602170531,0.8093453841,1.926933624,0.5720432816,1.283738724,11,2023,-0.5,0.8660254038
12,Insurance and Financial Services,2023-11-01,101.9845058,-0.6583200932,-0.6583200932,0.5185529854,-0.5720209478,-0.07109651592,-0.04152149278,0.5458881639,0.05711781466,0.4350133119,11,2023,-0.5,0.8660254038
13,"Personal Care, Social Protection and Miscellaneous Goods and Services",2023-11-01,117.971935,1.11935357,1.11935357,0.1888539572,-0.09966126383,0.03380506198,0.04099925178,0.1443920893,0.009870769698,0.126655268,11,2023,-0.5,0.8660254038
01,Food and Non-Alcoholic Beverages,2023-12-01,192.7405251,44.60186871,44.60186871,10.5289041,9.807918006,3.134933328,7.823918477,4.076750119,3.950215287,5.044055535,12,2023,-2.449293598e-16,1
02,"Alcholoic Beverages, Tobacco and Narcotics",2023-12-01,212.4815017,-17.77693144,-17.77693144,125.8938141,0.4176106759,0.3207267121,42.21071716,72.47170399,21.37799867,51.21052933,12,2023,-2.449293598e-16,1
03,Clothing and Footwear,2023-12-01,102.1298781,0.8350918677,0.8350918677,2.239252145,0.1840331859,-0.5507946928,0.624163546,1.446159185,0.5966004944,1.214736901,12,2023,-2.449293598e-16,1
04,"Housing, Water, Electricity, Gas and Other Fuels",2023-12-01,175.8997248,-11.36024252,-11.36024252,85.36660656,0.05131983804,-0.4540322224,28.32129806,49.4033325,14.25868049,34.83815351,12,2023,-2.449293598e-16,1
05,"Furnishings, Household Equipment and Routine Houshold Maintenance",2023-12-01,108.8025227,4.554586615,4.554586615,1.059771896,-0.3555224972,0.7448115516,0.4830203168,0.743078423,0.4256550054,0.6514290627,12,2023,-2.449293598e-16,1
06,Health,2023-12-01,105.0702958,7.98565704,7.98565704,9.062557993,-0.1771162882,0.8106780789,3.232039928,5.073474166,1.702382948,3.632567916,12,2023,-2.449293598e-16,1
07,Transport,2023-12-01,269.1976016,5.011644448,5.011644448,13.80854625,114.0979178,3.475677121,43.79404704,61.10374558,21.46941849,45.7480491,12,2023,-2.449293598e-16,1
08,Information and Communication,2023-12-01,101.593233,0,0,0,0.1353854092,1.513051517,0.5494789754,0.8372194064,0.1094624735,0.7224311233,12,2023,-2.449293598e-16,1
09,"Recreation, Sport, Culture, Gardens and Pets",2023-12-01,129.3030096,0,0,0,1.775934744,-3.6288111,-0.617625452,2.754798597,0.4095955994,2.13407755,12,2023,-2.449293598e-16,1
10,Education Services,2023-12-01,102.3959499,0,0,0,0,2.611417513,0.8704725042,1.507702604,0.6760249471,1.110377782,12,2023,-2.449293598e-16,1
11,Resturants and Accomodation Services,2023-12-01,104.7599256,0,0,0,0.09728076591,2.99097244,1.029417735,1.699452421,0.4559977813,1.301608751,12,2023,-2.449293598e-16,1
12,Insurance and Financial Services,2023-12-01,101.4513519,-0.5227793395,-0.5227793395,-0.6583200932,0.5185529854,-0.5720209478,-0.2372626852,0.6559762813,-0.1427073463,0.4437722076,12,2023,-2.449293598e-16,1
13,"Personal Care, Social Protection and Miscellaneous Goods and Services",2023-12-01,120.7141149,2.324434049,2.324434049,1.11935357,0.1888539572,-0.09966126383,0.4028487545,0.6370593546,0.1885708766,0.4728990464,12,2023,-2.449293598e-16,1
01,Food and Non-Alcoholic Beverages,2024-01-01,224.6936612,16.57831743,16.57831743,44.60186871,10.5289041,9.807918006,21.64623027,19.88343424,11.56439902,16.7724717,1,2024,0.5,0.8660254038
02,"Alcholoic Beverages, Tobacco and Narcotics",2024-01-01,272.3930638,28.19613079,28.19613079,-17.77693144,125.8938141,0.4176106759,36.17816444,78.22680924,18.30175335,53.2175453,1,2024,0.5,0.8660254038
03,Clothing and Footwear,2024-01-01,103.229953,1.077133264,1.077133264,0.8350918677,2.239252145,0.1840331859,1.086125733,1.05035458,0.6942528716,1.20473136,1,2024,0.5,0.8660254038
04,"Housing, Water, Electricity, Gas and Other Fuels",2024-01-01,131.6552807,-25.15321962,-25.15321962,-11.36024252,85.36660656,0.05131983804,24.68589463,52.85988592,12.4341864,36.02658706,1,2024,0.5,0.8660254038
05,"Furnishings, Household Equipment and Routine Houshold Maintenance",2024-01-01,112.0053931,2.943746456,2.943746456,4.554586615,1.059771896,-0.3555224972,1.752945338,2.527382033,1.258986556,1.68786759,1,2024,0.5,0.8660254038
06,Health,2024-01-01,112.6925198,7.254404221,7.254404221,7.98565704,9.062557993,-0.1771162882,5.623699581,5.05242788,2.914179484,4.37427503,1,2024,0.5,0.8660254038
07,Transport,2024-01-01,379.2539315,40.88310194,40.88310194,5.011644448,13.80854625,114.0979178,44.30603615,60.60137312,22.79779405,45.0065824,1,2024,0.5,0.8660254038
08,Information and Communication,2024-01-01,101.593233,0,0,0,0,0.1353854092,0.04512846973,0.07816480244,0.1621732026,0.6962186148,1,2024,0.5,0.8660254038
09,"Recreation, Sport, Culture, Gardens and Pets",2024-01-01,129.3030096,0,0,0,0,1.775934744,0.5919782481,1.025336403,0.2784090666,2.130418738,1,2024,0.5,0.8660254038
10,Education Services,2024-01-01,102.3959499,0,0,0,0,0,0,0,0.4352362521,1.066106735,1,2024,0.5,0.8660254038
11,Resturants and Accomodation Services,2024-01-01,104.7599256,0,0,0,0,0.09728076591,0.03242692197,0.05616507639,0.4926792152,1.281693779,1,2024,0.5,0.8660254038
12,Insurance and Financial Services,2024-01-01,101.333027,-0.1166321895,-0.1166321895,-0.5227793395,-0.6583200932,0.5185529854,-0.2208488158,0.6439169913,-0.1926270637,0.4706767076,1,2024,0.5,0.8660254038
13,"Personal Care, Social Protection and Miscellaneous Goods and Services",2024-01-01,128.0938932,6.113434493,6.113434493,2.324434049,1.11935357,0.1888539572,1.210880525,1.070728009,0.5663363451,0.9804844004,1,2024,0.5,0.8660254038
01,Food and Non-Alcoholic Beverages,2024-02-01,288.2442572,,28.28321713,16.57831743,44.60186871,10.5289041,23.90303008,18.17911689,14.38142705,15.76562113,2,2024,0.8660254038,0.5
02,"Alcholoic Beverages, Tobacco and Narcotics",2024-02-01,893.0337298,,227.847456,28.19613079,-17.77693144,125.8938141,45.43767114,73.37079674,22.67838909,52.67955423,2,2024,0.8660254038,0.5
03,Clothing and Footwear,2024-02-01,104.9107348,,1.62819204,1.077133264,0.8350918677,2.239252145,1.383825759,0.7506408832,0.5468963253,1.064693673,2,2024,0.8660254038,0.5
04,"Housing, Water, Electricity, Gas and Other Fuels",2024-02-01,134.5986547,,2.235667261,-25.15321962,-11.36024252,85.36660656,16.28438147,60.22314274,8.167620395,39.11381872,2,2024,0.8660254038,0.5
05,"Furnishings, Household Equipment and Routine Houshold Maintenance",2024-02-01,116.2102056,,3.754116088,2.943746456,4.554586615,1.059771896,2.852701656,1.749185338,1.612445628,1.79684222,2,2024,0.8660254038,0.5
06,Health,2024-02-01,120.4604294,,6.893012641,7.254404221,7.98565704,9.062557993,8.100873084,0.909566418,4.124060616,4.409198647,2,2024,0.8660254038,0.5
07,Transport,2024-02-01,402.2938521,,6.075064405,40.88310194,5.011644448,13.80854625,19.90109755,18.69571479,29.61866378,43.9414009,2,2024,0.8660254038,0.5
08,Information and Communication,2024-02-01,101.593233,,0,0,0,0,0,0,0.1932715978,0.6815369768,2,2024,0.8660254038,0.5
09,"Recreation, Sport, Culture, Gardens and Pets",2024-02-01,129.3030096,,0,0,0,0,0,0,0.0782910117,2.082307002,2,2024,0.8660254038,0.5
10,Education Services,2024-02-01,102.3959499,,0,0,0,0,0,0,0.4352362521,1.066106735,2,2024,0.8660254038,0.5
11,Resturants and Accomodation Services,2024-02-01,104.7599256,,0,0,0,0,0,0,0.4046726921,1.296819672,2,2024,0.8660254038,0.5
12,Insurance and Financial Services,2024-02-01,101.1235907,,-0.2066811202,-0.1166321895,-0.5227793395,-0.6583200932,-0.4325772074,0.2818843109,-0.2370493501,0.4436873138,2,2024,0.8660254038,0.5
13,"Personal Care, Social Protection and Miscellaneous Goods and Services",2024-02-01,134.3184426,,4.85936466,6.113434493,2.324434049,1.11935357,3.185740704,2.606069441,1.613369978,2.385749032,2,2024,0.8660254038,0.5
01,Food and Non-Alcoholic Beverages,2024-03-01,322.7632374,11.97560031,11.97560031,28.28321713,16.57831743,44.60186871,29.82113442,14.07493335,18.82252645,15.20041805,3,2024,1,6.123233996e-17
02,"Alcholoic Beverages, Tobacco and Narcotics",2024-03-01,1896.623195,112.379794,112.379794,227.847456,28.19613079,-17.77693144,79.42221845,130.5791674,60.8164678,96.62626707,3,2024,1,6.123233996e-17
03,Clothing and Footwear,2024-03-01,106.5252528,1.538944509,1.538944509,1.62819204,1.077133264,0.8350918677,1.180139057,0.4064598575,0.9021513016,0.9976808271,3,2024,1,6.123233996e-17
04,"Housing, Water, Electricity, Gas and Other Fuels",2024-03-01,156.5663795,16.32090962,16.32090962,2.235667261,-25.15321962,-11.36024252,-11.42593163,13.6945616,8.447683216,39.0543825,3,2024,1,6.123233996e-17
05,"Furnishings, Household Equipment and Routine Houshold Maintenance",2024-03-01,121.6259562,4.66030551,4.66030551,3.754116088,2.943746456,4.554586615,3.750816387,0.8054251491,2.116918352,1.919348179,3,2024,1,6.123233996e-17
06,Health,2024-03-01,128.3177431,6.522734281,6.522734281,6.893012641,7.254404221,7.98565704,7.3776913,0.5566576358,5.304865614,3.946635367,3,2024,1,6.123233996e-17
07,Transport,2024-03-01,454.3272917,12.93418711,12.93418711,6.075064405,40.88310194,5.011644448,17.32327026,20.41033971,30.55865865,43.24708641,3,2024,1,6.123233996e-17
08,Information and Communication,2024-03-01,101.593233,0,0,0,0,0,0,0,0.2747394877,0.6090588453,3,2024,1,6.123233996e-17
09,"Recreation, Sport, Culture, Gardens and Pets",2024-03-01,129.3030096,0,0,0,0,0,0,0,-0.308812726,1.774825198,3,2024,1,6.123233996e-17
10,Education Services,2024-03-01,102.3959499,0,0,0,0,0,0,0,0.4352362521,1.066106735,3,2024,1,6.123233996e-17
11,Resturants and Accomodation Services,2024-03-01,104.7599256,0,0,0,0,0,0,0,0.5147088676,1.213740365,3,2024,1,6.123233996e-17
12,Insurance and Financial Services,2024-03-01,101.632652,0.5034050863,0.5034050863,-0.2066811202,-0.1166321895,-0.5227793395,-0.2820308831,0.2133004148,-0.2596467841,0.4369462631,3,2024,1,6.123233996e-17
13,"Personal Care, Social Protection and Miscellaneous Goods and Services",2024-03-01,134.1120795,-0.153637205,-0.153637205,4.85936466,6.113434493,2.324434049,4.432411067,1.930245611,2.417629911,2.554190444,3,2024,1,6.123233996e-17
01,Food and Non-Alcoholic Beverages,2024-04-01,255.9982354,-20.68544193,-20.68544193,11.97560031,28.28321713,16.57831743,18.94571163,8.407616074,20.29597095,13.73329627,4,2024,0.8660254038,-0.5
02,"Alcholoic Beverages, Tobacco and Narcotics",2024-04-01,2124.728167,12.02689981,12.02689981,112.379794,227.847456,28.19613079,122.8077936,100.2333293,79.49297901,93.36953136,4,2024,0.8660254038,-0.5
03,Clothing and Footwear,2024-04-01,108.2411714,1.610809153,1.610809153,1.538944509,1.62819204,1.077133264,1.414756604,0.2957759629,1.250441169,0.7132255887,4,2024,0.8660254038,-0.5
04,"Housing, Water, Electricity, Gas and Other Fuels",2024-04-01,139.9456541,-10.61576913,-10.61576913,16.32090962,2.235667261,-25.15321962,-2.198880914,21.08968379,11.24350686,38.88977073,4,2024,0.8660254038,-0.5
05,"Furnishings, Household Equipment and Routine Houshold Maintenance",2024-04-01,125.5643435,3.238114146,3.238114146,4.66030551,3.754116088,2.943746456,3.786056018,0.85872514,2.769500678,2.022396903,4,2024,0.8660254038,-0.5
06,Health,2024-04-01,136.3685933,6.274151968,6.274151968,6.522734281,6.893012641,7.254404221,6.890050381,0.3658439644,6.256874981,3.27802395,4,2024,0.8660254038,-0.5
07,Transport,2024-04-01,443.7391179,-2.330516792,-2.330516792,12.93418711,6.075064405,40.88310194,19.96411782,18.43813476,32.13507698,42.22268574,4,2024,0.8660254038,-0.5
08,Information and Communication,2024-04-01,101.593233,0,0,0,0,0,0,0,0.02256423486,0.05527086185,4,2024,0.8660254038,-0.5
09,"Recreation, Sport, Culture, Gardens and Pets",2024-04-01,129.3030096,0,0,0,0,0,0,0,0.2959891241,0.7250223233,4,2024,0.8660254038,-0.5
10,Education Services,2024-04-01,102.3959499,0,0,0,0,0,0,0,0,0,4,2024,0.8660254038,-0.5
11,Resturants and Accomodation Services,2024-04-01,104.7599256,0,0,0,0,0,0,0,0.01621346099,0.03971470638,4,2024,0.8660254038,-0.5
12,Insurance and Financial Services,2024-04-01,102.0005636,0.3620013936,0.3620013936,0.5034050863,-0.2066811202,-0.1166321895,0.0600305922,0.3866043313,-0.08040911179,0.4993042888,4,2024,0.8660254038,-0.5
13,"Personal Care, Social Protection and Miscellaneous Goods and Services",2024-04-01,131.1746547,-2.190276077,-2.190276077,-0.153637205,4.85936466,6.113434493,3.606387316,3.316098775,2.408633921,2.564902271,4,2024,0.8660254038,-0.5
01,Food and Non-Alcoholic Beverages,2024-05-01,263.5057079,2.932626693,2.932626693,-20.68544193,11.97560031,28.28321713,6.524458506,24.93528831,15.21374429,21.71414245,5,2024,0.5,-0.8660254038
02,"Alcholoic Beverages, Tobacco and Narcotics",2024-05-01,4165.828534,96.06407064,96.06407064,12.02689981,112.379794,227.847456,117.4180499,107.9984543,81.42786053,91.5048002,5,2024,0.5,-0.8660254038
03,Clothing and Footwear,2024-05-01,109.7656189,1.408380473,1.408380473,1.610809153,1.538944509,1.62819204,1.592648567,0.0473142217,1.488237163,0.4892466025,5,2024,0.5,-0.8660254038
04,"Housing, Water, Electricity, Gas and Other Fuels",2024-05-01,261.2443603,86.67557912,86.67557912,-10.61576913,16.32090962,2.235667261,2.646935918,13.47304798,9.465658695,39.73831846,5,2024,0.5,-0.8660254038
05,"Furnishings, Household Equipment and Routine Houshold Maintenance",2024-05-01,124.9226157,-0.5110748729,-0.5110748729,3.238114146,4.66030551,3.754116088,3.884178581,0.7199612895,3.368440119,1.323019591,5,2024,0.5,-0.8660254038
06,Health,2024-05-01,144.3571559,5.858066262,5.858066262,6.274151968,6.522734281,6.893012641,6.56329963,0.3114181976,7.332086357,1.038728349,5,2024,0.5,-0.8660254038
07,Transport,2024-05-01,482.186482,8.664407217,8.664407217,-2.330516792,12.93418711,6.075064405,5.55957824,7.645396704,12.73033789,14.99654926,5,2024,0.5,-0.8660254038
08,Information and Communication,2024-05-01,101.593233,0,0,0,0,0,0,0,0,0,5,2024,0.5,-0.8660254038
09,"Recreation, Sport, Culture, Gardens and Pets",2024-05-01,129.3030096,0,0,0,0,0,0,0,0,0,5,2024,0.5,-0.8660254038
10,Education Services,2024-05-01,102.3959499,0,0,0,0,0,0,0,0,0,5,2024,0.5,-0.8660254038
11,Resturants and Accomodation Services,2024-05-01,104.7599256,0,0,0,0,0,0,0,0,2.059840348e-08,5,2024,0.5,-0.8660254038
12,Insurance and Financial Services,2024-05-01,101.0008494,-0.9801066341,-0.9801066341,0.3620013936,0.5034050863,-0.2066811202,0.2195751199,0.3758584012,-0.1065010438,0.4646311638,5,2024,0.5,-0.8660254038
13,"Personal Care, Social Protection and Miscellaneous Goods and Services",2024-05-01,129.2337858,-1.479606623,-1.479606623,-2.190276077,-0.153637205,4.85936466,0.8384837925,3.628027933,2.012112248,3.103958497,5,2024,0.5,-0.8660254038
01,Food and Non-Alcoholic Beverages,2024-06-01,243.828074,-7.467631017,-7.467631017,2.932626693,-20.68544193,11.97560031,-1.925738308,16.86382824,13.94769806,22.2565981,6,2024,1.224646799e-16,-1
02,"Alcholoic Beverages, Tobacco and Narcotics",2024-06-01,4327.799655,3.888089004,3.888089004,96.06407064,12.02689981,112.379794,73.4902548,53.85033622,76.45623662,89.39165246,6,2024,1.224646799e-16,-1
03,Clothing and Footwear,2024-06-01,111.2579197,1.359533877,1.359533877,1.408380473,1.610809153,1.538944509,1.519378045,0.1026229876,1.349758551,0.3237612772,6,2024,1.224646799e-16,-1
04,"Housing, Water, Electricity, Gas and Other Fuels",2024-06-01,380.2604478,45.55738059,45.55738059,86.67557912,-10.61576913,16.32090962,30.7935732,50.2344016,9.683820787,40.23879254,6,2024,1.224646799e-16,-1
05,"Furnishings, Household Equipment and Routine Houshold Maintenance",2024-06-01,140.3986611,12.38850576,12.38850576,-0.5110748729,3.238114146,4.66030551,2.462448261,2.671523337,3.106632324,1.90059632,6,2024,1.224646799e-16,-1
06,Health,2024-06-01,152.3067155,5.506869105,5.506869105,5.858066262,6.274151968,6.522734281,6.218317504,0.3358333063,6.798004402,0.7565084093,6,2024,1.224646799e-16,-1
07,Transport,2024-06-01,386.6181765,-19.81978116,-19.81978116,8.664407217,-2.330516792,12.93418711,6.42269251,7.875389508,11.87298139,15.06944821,6,2024,1.224646799e-16,-1
08,Information and Communication,2024-06-01,101.593233,0,0,0,0,0,0,0,0,0,6,2024,1.224646799e-16,-1
09,"Recreation, Sport, Culture, Gardens and Pets",2024-06-01,129.3030096,0,0,0,0,0,0,0,0,0,6,2024,1.224646799e-16,-1
10,Education Services,2024-06-01,102.3959499,0,0,0,0,0,0,0,0,0,6,2024,1.224646799e-16,-1
11,Resturants and Accomodation Services,2024-06-01,104.7599256,0,0,0,0,0,0,0,0,2.059840348e-08,6,2024,1.224646799e-16,-1
12,Insurance and Financial Services,2024-06-01,101.2359091,0.2327305081,0.2327305081,-0.9801066341,0.3620013936,0.5034050863,-0.03823338473,0.8187445661,-0.1601321339,0.5515134256,6,2024,1.224646799e-16,-1
13,"Personal Care, Social Protection and Miscellaneous Goods and Services",2024-06-01,140.4278618,8.661880393,8.661880393,-1.479606623,-2.190276077,-0.153637205,-1.274506635,1.033694335,1.578952216,3.418833388,6,2024,1.224646799e-16,-1
01,Food and Non-Alcoholic Beverages,2024-07-01,233.509369,-4.231959324,-4.231959324,-7.467631017,2.932626693,-20.68544193,-8.406815418,11.83701153,5.269448104,17.5718343,7,2024,-0.5,-0.8660254038
02,"Alcholoic Beverages, Tobacco and Narcotics",2024-07-01,4435.329616,2.484633511,2.484633511,3.888089004,96.06407064,12.02689981,37.32635315,51.0308696,80.06707337,85.16144067,7,2024,-0.5,-0.8660254038
03,Clothing and Footwear,2024-07-01,112.8751282,1.453567144,1.453567144,1.359533877,1.408380473,1.610809153,1.459574501,0.133230768,1.437165553,0.2066304341,7,2024,-0.5,-0.8660254038
04,"Housing, Water, Electricity, Gas and Other Fuels",2024-07-01,219.7622236,-42.20744626,-42.20744626,45.55738059,86.67557912,-10.61576913,40.53906353,48.83942301,19.17009131,40.98762215,7,2024,-0.5,-0.8660254038
05,"Furnishings, Household Equipment and Routine Houshold Maintenance",2024-07-01,155.9115669,11.04918356,11.04918356,12.38850576,-0.5110748729,3.238114146,5.038515011,6.635576658,4.412285515,4.28694654,7,2024,-0.5,-0.8660254038
06,Health,2024-07-01,160.228369,5.201118976,5.201118976,5.506869105,5.858066262,6.274151968,5.879695778,0.3840984573,6.38487308,0.6471431832,7,2024,-0.5,-0.8660254038
07,Transport,2024-07-01,426.6982871,10.36684591,10.36684591,-19.81978116,8.664407217,-2.330516792,-4.495296912,14.36495568,7.734410452,19.95007761,7,2024,-0.5,-0.8660254038
08,Information and Communication,2024-07-01,101.593233,0,0,0,0,0,0,0,0,0,7,2024,-0.5,-0.8660254038
09,"Recreation, Sport, Culture, Gardens and Pets",2024-07-01,129.3030096,0,0,0,0,0,0,0,0,0,7,2024,-0.5,-0.8660254038
10,Education Services,2024-07-01,102.3959499,0,0,0,0,0,0,0,0,0,7,2024,-0.5,-0.8660254038
11,Resturants and Accomodation Services,2024-07-01,104.7599256,0,0,0,0,0,0,0,0,2.059840348e-08,7,2024,-0.5,-0.8660254038
12,Insurance and Financial Services,2024-07-01,101.0180655,-0.2151841897,-0.2151841897,0.2327305081,-0.9801066341,0.3620013936,-0.1284582441,0.7403759015,-0.03421382596,0.5382435938,7,2024,-0.5,-0.8660254038
13,"Personal Care, Social Protection and Miscellaneous Goods and Services",2024-07-01,145.4672796,3.588616812,3.588616812,8.661880393,-1.479606623,-2.190276077,1.663999231,6.070751052,2.635193274,4.502451911,7,2024,-0.5,-0.8660254038
01,Food and Non-Alcoholic Beverages,2024-08-01,255.822767,9.555675685,9.555675685,-4.231959324,-7.467631017,2.932626693,-2.922321216,5.322377673,1.801068645,16.93549577,8,2024,-0.8660254038,-0.5
02,"Alcholoic Beverages, Tobacco and Narcotics",2024-08-01,4412.992541,-0.5036170142,-0.5036170142,2.484633511,3.888089004,96.06407064,34.14559772,53.62756183,75.78182382,88.86013166,8,2024,-0.8660254038,-0.5
03,Clothing and Footwear,2024-08-01,114.4696969,1.412683804,1.412683804,1.453567144,1.359533877,1.408380473,1.407160498,0.04702850312,1.499904533,0.1100085154,8,2024,-0.8660254038,-0.5
04,"Housing, Water, Electricity, Gas and Other Fuels",2024-08-01,188.7591455,-14.10755574,-14.10755574,-42.20744626,45.55738059,86.67557912,30.00850448,65.83338225,16.3277202,45.06461502,8,2024,-0.8660254038,-0.5
05,"Furnishings, Household Equipment and Routine Houshold Maintenance",2024-08-01,196.8159687,26.2356428,26.2356428,11.04918356,12.38850576,-0.5110748729,7.642204815,7.092631616,5.763191698,4.956443821,8,2024,-0.8660254038,-0.5
06,Health,2024-08-01,168.1287244,4.930684541,4.930684541,5.201118976,5.506869105,5.858066262,5.522018114,0.3287355374,6.042658872,0.6382002018,8,2024,-0.8660254038,-0.5
07,Transport,2024-08-01,435.9956119,2.178899013,2.178899013,10.36684591,-19.81978116,8.664407217,-0.2628426783,16.95818258,2.648367781,12.18946244,8,2024,-0.8660254038,-0.5
08,Information and Communication,2024-08-01,101.593233,0,0,0,0,0,0,0,0,0,8,2024,-0.8660254038,-0.5
09,"Recreation, Sport, Culture, Gardens and Pets",2024-08-01,129.3030096,0,0,0,0,0,0,0,0,0,8,2024,-0.8660254038,-0.5
10,Education Services,2024-08-01,102.3959499,0,0,0,0,0,0,0,0,0,8,2024,-0.8660254038,-0.5
11,Resturants and Accomodation Services,2024-08-01,104.7599256,0,0,0,0,0,0,0,0,2.059840348e-08,8,2024,-0.8660254038,-0.5
12,Insurance and Financial Services,2024-08-01,101.3706321,0.3490134479,0.3490134479,-0.2151841897,0.2327305081,-0.9801066341,-0.3208534386,0.6132845799,-0.05063915932,0.5427466384,8,2024,-0.8660254038,-0.5
13,"Personal Care, Social Protection and Miscellaneous Goods and Services",2024-08-01,153.0275564,5.197235257,5.197235257,3.588616812,8.661880393,-1.479606623,3.590296861,5.070743717,2.214390327,4.221581926,8,2024,-0.8660254038,-0.5
01,Food and Non-Alcoholic Beverages,2024-09-01,452.8458969,77.01547917,77.01547917,9.555675685,-4.231959324,-7.467631017,-0.7146382188,9.040293335,-1.320188263,12.11966467,9,2024,-1,-1.836970199e-16
02,"Alcholoic Beverages, Tobacco and Narcotics",2024-09-01,3859.846337,-12.53449216,-12.53449216,-0.5036170142,2.484633511,3.888089004,1.9563685,2.24300432,37.72331165,51.93346685,9,2024,-1,-1.836970199e-16
03,Clothing and Footwear,2024-09-01,116.044911,1.376097005,1.376097005,1.412683804,1.453567144,1.359533877,1.408594942,0.04714979265,1.463986493,0.09372140109,9,2024,-1,-1.836970199e-16
04,"Housing, Water, Electricity, Gas and Other Fuels",2024-09-01,192.045275,1.74091141,1.74091141,-14.10755574,-42.20744626,45.55738059,-3.585873801,44.81847333,13.6038497,46.55598968,9,2024,-1,-1.836970199e-16
05,"Furnishings, Household Equipment and Routine Houshold Maintenance",2024-09-01,164.00282,-16.67199513,-16.67199513,26.2356428,11.04918356,12.38850576,16.55777737,8.407987594,9.510112816,9.52554501,9,2024,-1,-1.836970199e-16
06,Health,2024-09-01,176.0121927,4.68894789,4.68894789,4.930684541,5.201118976,5.506869105,5.212890874,0.288272607,5.715604189,0.6177530692,9,2024,-1,-1.836970199e-16
07,Transport,2024-09-01,421.9021255,-3.232483527,-3.232483527,2.178899013,10.36684591,-19.81978116,-2.424678746,15.61098362,1.999006882,12.07363331,9,2024,-1,-1.836970199e-16
08,Information and Communication,2024-09-01,101.593233,0,0,0,0,0,0,0,0,0,9,2024,-1,-1.836970199e-16
09,"Recreation, Sport, Culture, Gardens and Pets",2024-09-01,129.3030096,0,0,0,0,0,0,0,0,0,9,2024,-1,-1.836970199e-16
10,Education Services,2024-09-01,102.3959499,0,0,0,0,0,0,0,0,0,9,2024,-1,-1.836970199e-16
11,Resturants and Accomodation Services,2024-09-01,104.7599256,0,0,0,0,0,0,0,0,2.059840348e-08,9,2024,-1,-1.836970199e-16
12,Insurance and Financial Services,2024-09-01,101.3473663,-0.0229512518,-0.0229512518,0.3490134479,-0.2151841897,0.2327305081,0.1221865888,0.2979005071,0.04197660203,0.5579922231,9,2024,-1,-1.836970199e-16
13,"Personal Care, Social Protection and Miscellaneous Goods and Services",2024-09-01,154.6974325,1.091225802,1.091225802,5.197235257,3.588616812,8.661880393,5.815910821,2.592599165,2.270702093,4.265939952,9,2024,-1,-1.836970199e-16
01,Food and Non-Alcoholic Beverages,2024-10-01,660.5391105,45.86399369,45.86399369,77.01547917,9.555675685,-4.231959324,27.44639851,43.47809837,9.519791546,34.6095339,10,2024,-0.8660254038,0.5
02,"Alcholoic Beverages, Tobacco and Narcotics",2024-10-01,3859.846337,0,0,-12.53449216,-0.5036170142,2.484633511,-3.517825221,7.950322151,16.90426397,39.59061735,10,2024,-0.8660254038,0.5
03,Clothing and Footwear,2024-10-01,117.6033771,1.34298536,1.34298536,1.376097005,1.412683804,1.453567144,1.414115984,0.03875492214,1.436845243,0.09121894343,10,2024,-0.8660254038,0.5
04,"Housing, Water, Electricity, Gas and Other Fuels",2024-10-01,329.0523779,71.34104339,71.34104339,1.74091141,-14.10755574,-42.20744626,-18.19136353,22.25696857,11.17385,46.76583876,10,2024,-0.8660254038,0.5
05,"Furnishings, Household Equipment and Routine Houshold Maintenance",2024-10-01,164.4524306,0.2741481343,0.2741481343,-16.67199513,26.2356428,11.04918356,6.870943741,21.75682914,5.954729376,14.42094086,10,2024,-0.8660254038,0.5
06,Health,2024-10-01,183.8819233,4.471128071,4.471128071,4.68894789,4.930684541,5.201118976,4.940250469,0.2562195064,5.409973124,0.5916411672,10,2024,-0.8660254038,0.5
07,Transport,2024-10-01,410.4532733,-2.713627535,-2.713627535,-3.232483527,2.178899013,10.36684591,3.104420465,6.846742491,-0.6954382235,10.89121871,10,2024,-0.8660254038,0.5
08,Information and Communication,2024-10-01,101.593233,0,0,0,0,0,0,0,0,0,10,2024,-0.8660254038,0.5
09,"Recreation, Sport, Culture, Gardens and Pets",2024-10-01,129.3030096,0,0,0,0,0,0,0,0,0,10,2024,-0.8660254038,0.5
10,Education Services,2024-10-01,102.3959499,0,0,0,0,0,0,0,0,0,10,2024,-0.8660254038,0.5
11,Resturants and Accomodation Services,2024-10-01,104.7599256,0,0,0,0,0,0,0,0,2.059840348e-08,10,2024,-0.8660254038,0.5
12,Insurance and Financial Services,2024-10-01,101.4482916,0.09958358498,0.09958358498,-0.0229512518,0.3490134479,-0.2151841897,0.03695933547,0.286830442,-0.04574945432,0.5102745966,10,2024,-0.8660254038,0.5
13,"Personal Care, Social Protection and Miscellaneous Goods and Services",2024-10-01,151.33823,-2.171466235,-2.171466235,1.091225802,5.197235257,3.588616812,3.292359291,2.068974335,2.478179261,4.153232019,10,2024,-0.8660254038,0.5
01,Food and Non-Alcoholic Beverages,2024-11-01,710.9803776,7.636378577,7.636378577,45.86399369,77.01547917,9.555675685,44.14504951,33.76273609,20.61136415,33.64373994,11,2024,-0.5,0.8660254038
02,"Alcholoic Beverages, Tobacco and Narcotics",2024-11-01,6926.142365,79.44088339,79.44088339,0,-12.53449216,-0.5036170142,-4.346036391,7.095880032,14.89978066,40.18691988,11,2024,-0.5,0.8660254038
03,Clothing and Footwear,2024-11-01,208.9163722,77.64487493,77.64487493,1.34298536,1.376097005,1.412683804,1.377255389,0.03486365802,1.392207944,0.04048649843,11,2024,-0.5,0.8660254038
04,"Housing, Water, Electricity, Gas and Other Fuels",2024-11-01,328.0419682,-0.3070665071,-0.3070665071,71.34104339,1.74091141,-14.10755574,19.65813302,45.45476758,24.83331875,50.91372215,11,2024,-0.5,0.8660254038
05,"Furnishings, Household Equipment and Routine Houshold Maintenance",2024-11-01,153.0140562,-6.955430447,-6.955430447,0.2741481343,-16.67199513,26.2356428,3.279265267,21.61109425,5.460735041,14.58247234,11,2024,-0.5,0.8660254038
06,Health,2024-11-01,183.8819233,0,0,4.471128071,4.68894789,4.930684541,4.696920167,0.2298819379,5.109469141,0.5182673925,11,2024,-0.5,0.8660254038
07,Transport,2024-11-01,421.9554523,2.802311423,2.802311423,-2.713627535,-3.232483527,2.178899013,-1.25573735,2.985774287,-0.759290014,10.90383757,11,2024,-0.5,0.8660254038
08,Information and Communication,2024-11-01,101.593233,0,0,0,0,0,0,0,0,0,11,2024,-0.5,0.8660254038
09,"Recreation, Sport, Culture, Gardens and Pets",2024-11-01,129.3030096,0,0,0,0,0,0,0,0,0,11,2024,-0.5,0.8660254038
10,Education Services,2024-11-01,102.3959499,0,0,0,0,0,0,0,0,0,11,2024,-0.5,0.8660254038
11,Resturants and Accomodation Services,2024-11-01,104.7599256,0,0,0,0,0,0,0,0,2.059840348e-08,11,2024,-0.5,0.8660254038
12,Insurance and Financial Services,2024-11-01,101.3262919,-0.1202580401,-0.1202580401,0.09958358498,-0.0229512518,0.3490134479,0.141881927,0.1895555242,-0.08948575576,0.4785989079,11,2024,-0.5,0.8660254038
13,"Personal Care, Social Protection and Miscellaneous Goods and Services",2024-11-01,150.9054276,-0.2859835637,-0.2859835637,-2.171466235,1.091225802,5.197235257,1.372331608,3.692384836,2.481314235,4.149008316,11,2024,-0.5,0.8660254038
01,Food and Non-Alcoholic Beverages,2024-12-01,638.124754,-10.24720596,-10.24720596,7.636378577,45.86399369,77.01547917,43.50528381,34.74964077,21.3953228,33.20129856,12,2024,-2.449293598e-16,1
02,"Alcholoic Beverages, Tobacco and Narcotics",2024-12-01,8549.875459,23.443542,23.443542,79.44088339,0,-12.53449216,22.30213041,49.87891531,12.12924946,33.48671248,12,2024,-2.449293598e-16,1
03,Clothing and Footwear,2024-12-01,185.5242877,-11.19686515,-11.19686515,77.64487493,1.34298536,1.376097005,26.78798577,44.04336109,14.09829035,31.13136674,12,2024,-2.449293598e-16,1
04,"Housing, Water, Electricity, Gas and Other Fuels",2024-12-01,320.7641877,-2.218551667,-2.218551667,-0.3070665071,71.34104339,1.74091141,24.2582961,40.78771105,10.33621115,41.24951526,12,2024,-2.449293598e-16,1
05,"Furnishings, Household Equipment and Routine Houshold Maintenance",2024-12-01,148.1540344,-3.176193023,-3.176193023,-6.955430447,0.2741481343,-16.67199513,-7.784425814,8.503432711,4.386675778,15.32853242,12,2024,-2.449293598e-16,1
06,Health,2024-12-01,183.8819233,0,0,0,4.471128071,4.68894789,3.053358654,2.64652804,4.133124764,2.057658506,12,2024,-2.449293598e-16,1
07,Transport,2024-12-01,407.6456125,-3.391315294,-3.391315294,2.802311423,-2.713627535,-3.232483527,-1.047933213,3.344486613,-1.73630598,10.12541301,12,2024,-2.449293598e-16,1
08,Information and Communication,2024-12-01,99.78153947,-1.783281721,-1.783281721,0,0,0,0,0,0,0,12,2024,-2.449293598e-16,1
09,"Recreation, Sport, Culture, Gardens and Pets",2024-12-01,132.2039984,2.2435586,2.2435586,0,0,0,0,0,0,0,12,2024,-2.449293598e-16,1
10,Education Services,2024-12-01,102.3959499,0,0,0,0,0,0,0,0,0,12,2024,-2.449293598e-16,1
11,Resturants and Accomodation Services,2024-12-01,104.7599256,0,0,0,0,0,0,0,0,2.059840348e-08,12,2024,-2.449293598e-16,1
12,Insurance and Financial Services,2024-12-01,100.9931815,-0.3287501613,-0.3287501613,-0.1202580401,0.09958358498,-0.0229512518,-0.01454190232,0.1101618033,0.05382234323,0.2143840901,12,2024,-2.449293598e-16,1
13,"Personal Care, Social Protection and Miscellaneous Goods and Services",2024-12-01,144.3728281,-4.328936047,-4.328936047,-0.2859835637,-2.171466235,1.091225802,-0.4554079989,1.637931107,2.680251411,3.944691042,12,2024,-2.449293598e-16,1
01,Food and Non-Alcoholic Beverages,2025-01-01,359.0245836,-43.7375558,-43.7375558,-10.24720596,7.636378577,45.86399369,14.4177221,28.66368166,20.93206031,33.70021656,1,2025,0.5,0.8660254038
02,"Alcholoic Beverages, Tobacco and Narcotics",2025-01-01,1980.106322,-76.84052439,-76.84052439,23.443542,79.44088339,0,34.29480846,40.81698147,15.38849162,33.47584232,1,2025,0.5,0.8660254038
03,Clothing and Footwear,2025-01-01,180.2249619,-2.856405412,-2.856405412,-11.19686515,77.64487493,1.34298536,22.59699838,48.08340148,12.00555718,32.5487381,1,2025,0.5,0.8660254038
04,"Housing, Water, Electricity, Gas and Other Fuels",2025-01-01,312.2459003,-2.655622943,-2.655622943,-2.218551667,-0.3070665071,71.34104339,22.93847507,41.928748,2.373555771,37.53473206,1,2025,0.5,0.8660254038
05,"Furnishings, Household Equipment and Routine Houshold Maintenance",2025-01-01,132.6725343,-10.44959739,-10.44959739,-3.176193023,-6.955430447,0.2741481343,-3.285825112,3.616035953,1.792559314,15.01739385,1,2025,0.5,0.8660254038
06,Health,2025-01-01,183.8819233,0,0,0,0,4.471128071,1.490376024,2.581406995,3.215313246,2.50244167,1,2025,0.5,0.8660254038
07,Transport,2025-01-01,334.0711752,-18.04862729,-18.04862729,-3.391315294,2.802311423,-2.713627535,-1.100877135,3.397201181,1.001771665,5.354708378,1,2025,0.5,0.8660254038
08,Information and Communication,2025-01-01,99.78153947,0,0,-1.783281721,0,0,-0.5944272403,1.029578182,-0.2972136201,0.728021714,1,2025,0.5,0.8660254038
09,"Recreation, Sport, Culture, Gardens and Pets",2025-01-01,132.2039984,0,0,2.2435586,0,0,0.7478528666,1.295319161,0.3739264333,0.9159289629,1,2025,0.5,0.8660254038
10,Education Services,2025-01-01,102.3959499,0,0,0,0,0,0,0,0,0,1,2025,0.5,0.8660254038
11,Resturants and Accomodation Services,2025-01-01,104.7599256,0,0,0,0,0,0,0,0,2.059840348e-08,1,2025,0.5,0.8660254038
12,Insurance and Financial Services,2025-01-01,100.9593176,-0.03353094626,-0.03353094626,-0.3287501613,-0.1202580401,0.09958358498,-0.1164748721,0.2141919322,-0.03975776834,0.2415006653,1,2025,0.5,0.8660254038
13,"Personal Care, Social Protection and Miscellaneous Goods and Services",2025-01-01,135.7716329,-5.957627435,-5.957627435,-4.328936047,-0.2859835637,-2.171466235,-2.262128615,2.023000481,0.5151153377,3.550348584,1,2025,0.5,0.8660254038
01,Food and Non-Alcoholic Beverages,2025-02-01,213.2550912,-40.60153512,-40.60153512,-43.7375558,-10.24720596,7.636378577,-15.44946106,26.07906971,14.34779423,42.34935415,2,2025,0.8660254038,0.5
02,"Alcholoic Beverages, Tobacco and Narcotics",2025-02-01,877.4658434,-55.68592284,-55.68592284,-76.84052439,23.443542,79.44088339,8.681300333,79.17962136,2.167631971,50.78207392,2,2025,0.8660254038,0.5
03,Clothing and Footwear,2025-02-01,171.0387068,-5.097104782,-5.097104782,-2.856405412,-11.19686515,77.64487493,21.19720146,49.06267113,11.28722842,32.87412119,2,2025,0.8660254038,0.5
04,"Housing, Water, Electricity, Gas and Other Fuels",2025-02-01,157.0558631,-49.70122491,-49.70122491,-2.655622943,-2.218551667,-0.3070665071,-1.727080372,1.24903457,8.965526324,31.0528034,2,2025,0.8660254038,0.5
05,"Furnishings, Household Equipment and Routine Houshold Maintenance",2025-02-01,117.6124245,-11.35133955,-11.35133955,-10.44959739,-3.176193023,-6.955430447,-6.860406953,3.63763314,-1.790570843,14.93159716,2,2025,0.8660254038,0.5
06,Health,2025-02-01,183.8819233,0,0,0,0,0,0,0,2.348460084,2.576714187,2,2025,0.8660254038,0.5
07,Transport,2025-02-01,395.28496,18.32357573,18.32357573,-18.04862729,-3.391315294,2.802311423,-6.212543719,10.70793671,-3.734140534,7.536635954,2,2025,0.8660254038,0.5
08,Information and Communication,2025-02-01,99.78153947,0,0,0,-1.783281721,0,-0.5944272403,1.029578182,-0.2972136201,0.728021714,2,2025,0.8660254038,0.5
09,"Recreation, Sport, Culture, Gardens and Pets",2025-02-01,132.2039984,0,0,0,2.2435586,0,0.7478528666,1.295319161,0.3739264333,0.9159289629,2,2025,0.8660254038,0.5
10,Education Services,2025-02-01,102.3959499,0,0,0,0,0,0,0,0,0,2,2025,0.8660254038,0.5
11,Resturants and Accomodation Services,2025-02-01,104.7599256,0,0,0,0,0,0,0,0,2.059840348e-08,2,2025,0.8660254038,0.5
12,Insurance and Financial Services,2025-02-01,100.6889415,-0.2678069505,-0.2678069505,-0.03353094626,-0.3287501613,-0.1202580401,-0.1608463826,0.1517371292,-0.00948222776,0.2259989161,2,2025,0.8660254038,0.5
13,"Personal Care, Social Protection and Miscellaneous Goods and Services",2025-02-01,128.7599013,-5.164356817,-5.164356817,-5.957627435,-4.328936047,-0.2859835637,-3.524182349,2.920206746,-1.07592537,4.007153599,2,2025,0.8660254038,0.5
01,Food and Non-Alcoholic Beverages,2025-03-01,304.9009776,42.97477065,42.97477065,-40.60153512,-43.7375558,-10.24720596,-31.52876563,18.49695226,5.988259092,48.0510404,3,2025,1,6.123233996e-17
02,"Alcholoic Beverages, Tobacco and Narcotics",2025-03-01,1559.967644,77.78101061,77.78101061,-55.68592284,-76.84052439,23.443542,-36.36096841,52.86127023,-7.029418999,56.08293664,3,2025,1,6.123233996e-17
03,Clothing and Footwear,2025-03-01,170.8426216,-0.1146437264,-0.1146437264,-5.097104782,-2.856405412,-11.19686515,-6.383458449,4.316462265,10.20226366,33.36889591,3,2025,1,6.123233996e-17
04,"Housing, Water, Electricity, Gas and Other Fuels",2025-03-01,482.9309609,207.4899283,207.4899283,-49.70122491,-2.655622943,-2.218551667,-18.19179984,27.28883763,3.033248128,38.78054159,3,2025,1,6.123233996e-17
05,"Furnishings, Household Equipment and Routine Houshold Maintenance",2025-03-01,122.390012,4.062145293,4.062145293,-11.35133955,-10.44959739,-3.176193023,-8.325709986,4.482346309,-8.0550679,6.086691638,3,2025,1,6.123233996e-17
06,Health,2025-03-01,183.8819233,0,0,0,0,0,0,0,1.526679327,2.366124254,3,2025,1,6.123233996e-17
07,Transport,2025-03-01,328.6872723,-16.84801965,-16.84801965,18.32357573,-18.04862729,-3.391315294,-1.038788951,18.29986539,-1.043361082,11.76555526,3,2025,1,6.123233996e-17
08,Information and Communication,2025-03-01,99.78153947,0,0,0,0,-1.783281721,-0.5944272403,1.029578182,-0.2972136201,0.728021714,3,2025,1,6.123233996e-17
09,"Recreation, Sport, Culture, Gardens and Pets",2025-03-01,132.2039984,0,0,0,0,2.2435586,0.7478528666,1.295319161,0.3739264333,0.9159289629,3,2025,1,6.123233996e-17
10,Education Services,2025-03-01,102.3959499,0,0,0,0,0,0,0,0,0,3,2025,1,6.123233996e-17
11,Resturants and Accomodation Services,2025-03-01,104.7599256,0,0,0,0,0,0,0,0,2.059840348e-08,3,2025,1,6.123233996e-17
12,Insurance and Financial Services,2025-03-01,101.0279294,0.3366684021,0.3366684021,-0.2678069505,-0.03353094626,-0.3287501613,-0.2100293527,0.1558598227,-0.1122856275,0.1613560221,3,2025,1,6.123233996e-17
13,"Personal Care, Social Protection and Miscellaneous Goods and Services",2025-03-01,125.639164,-2.423687254,-2.423687254,-5.164356817,-5.957627435,-4.328936047,-5.150306766,0.8144365918,-2.802857383,2.819764607,3,2025,1,6.123233996e-17
01,Food and Non-Alcoholic Beverages,2025-04-01,489.0273142,60.38889677,60.38889677,42.97477065,-40.60153512,-43.7375558,-13.78810676,49.18309511,0.3148076721,39.17785128,4,2025,0.8660254038,-0.5
02,"Alcholoic Beverages, Tobacco and Narcotics",2025-04-01,3794.786177,143.2605696,143.2605696,77.78101061,-55.68592284,-76.84052439,-18.24847887,83.83392171,8.023164796,65.61935747,4,2025,0.8660254038,-0.5
03,Clothing and Footwear,2025-04-01,171.0026789,0.09368695993,0.09368695993,-0.1146437264,-5.097104782,-2.856405412,-2.68938464,2.495426115,9.95380687,33.45320029,4,2025,0.8660254038,-0.5
04,"Housing, Water, Electricity, Gas and Other Fuels",2025-04-01,1018.134354,110.823997,110.823997,207.4899283,-49.70122491,-2.655622943,51.71102681,136.9438636,37.32475094,91.94027732,4,2025,0.8660254038,-0.5
05,"Furnishings, Household Equipment and Routine Houshold Maintenance",2025-04-01,167.0053243,36.45339319,36.45339319,4.062145293,-11.35133955,-10.44959739,-5.912930547,8.650427055,-4.599377829,6.10186419,4,2025,0.8660254038,-0.5
06,Health,2025-04-01,183.8819233,0,0,0,0,0,0,0,0.7451880118,1.825330391,4,2025,0.8660254038,-0.5
07,Transport,2025-04-01,506.5524243,54.1137936,54.1137936,-16.84801965,18.32357573,-18.04862729,-5.524357071,20.66163809,-3.312617103,13.46283247,4,2025,0.8660254038,-0.5
08,Information and Communication,2025-04-01,99.78153947,0,0,0,0,0,0,0,-0.2972136201,0.728021714,4,2025,0.8660254038,-0.5
09,"Recreation, Sport, Culture, Gardens and Pets",2025-04-01,132.2039984,0,0,0,0,0,0,0,0.3739264333,0.9159289629,4,2025,0.8660254038,-0.5
10,Education Services,2025-04-01,102.3959499,0,0,0,0,0,0,0,0,0,4,2025,0.8660254038,-0.5
11,Resturants and Accomodation Services,2025-04-01,104.7599256,0,0,0,0,0,0,0,0,2.059840348e-08,4,2025,0.8660254038,-0.5
12,Insurance and Financial Services,2025-04-01,101.2319479,0.2019427172,0.2019427172,0.3366684021,-0.2678069505,-0.03353094626,0.01177683511,0.3047740298,-0.05234901852,0.2458469185,4,2025,0.8660254038,-0.5
13,"Personal Care, Social Protection and Miscellaneous Goods and Services",2025-04-01,157.755909,25.56268603,25.56268603,-2.423687254,-5.164356817,-5.957627435,-4.515223835,1.854242034,-3.388676225,2.129607759,4,2025,0.8660254038,-0.5
01,Food and Non-Alcoholic Beverages,2025-05-01,726.3791964,48.53550618,48.53550618,60.38889677,42.97477065,-40.60153512,20.92071076,53.9866002,2.735624852,42.83345854,5,2025,0.5,-0.8660254038
02,"Alcholoic Beverages, Tobacco and Narcotics",2025-05-01,7442.756289,96.131111,96.131111,143.2605696,77.78101061,-55.68592284,55.11855246,101.3909117,31.8999264,85.24515986,5,2025,0.5,-0.8660254038
03,Clothing and Footwear,2025-05-01,171.2584864,0.1495926846,0.1495926846,0.09368695993,-0.1146437264,-5.097104782,-1.706020516,2.938611882,9.74559047,33.52133243,5,2025,0.5,-0.8660254038
04,"Housing, Water, Electricity, Gas and Other Fuels",2025-05-01,1105.049769,8.536733283,8.536733283,110.823997,207.4899283,-49.70122491,89.53756678,129.9101859,43.9052432,96.17721841,5,2025,0.5,-0.8660254038
05,"Furnishings, Household Equipment and Routine Houshold Maintenance",2025-05-01,165.6756047,-0.7962139351,-0.7962139351,36.45339319,4.062145293,-11.35133955,9.721399647,24.39966163,1.430496347,18.05317806,5,2025,0.5,-0.8660254038
06,Health,2025-05-01,183.8819233,0,0,0,0,0,0,0,0,0,5,2025,0.5,-0.8660254038
07,Transport,2025-05-01,401.1321167,-20.81133217,-20.81133217,54.1137936,-16.84801965,18.32357573,18.52978322,35.48135603,6.158619752,27.0756244,5,2025,0.5,-0.8660254038
08,Information and Communication,2025-05-01,99.78153947,0,0,0,0,0,0,0,-0.2972136201,0.728021714,5,2025,0.5,-0.8660254038
09,"Recreation, Sport, Culture, Gardens and Pets",2025-05-01,132.2039984,0,0,0,0,0,0,0,0.3739264333,0.9159289629,5,2025,0.5,-0.8660254038
10,Education Services,2025-05-01,102.3959499,0,0,0,0,0,0,0,0,0,5,2025,0.5,-0.8660254038
11,Resturants and Accomodation Services,2025-05-01,104.7599256,0,0,0,0,0,0,0,0,2.059840348e-08,5,2025,0.5,-0.8660254038
12,Insurance and Financial Services,2025-05-01,100.6749831,-0.550186821,-0.550186821,0.2019427172,0.3366684021,-0.2678069505,0.09026805626,0.3173342644,-0.03528916315,0.2615484948,5,2025,0.5,-0.8660254038
13,"Personal Care, Social Protection and Miscellaneous Goods and Services",2025-05-01,168.8780319,7.050209979,7.050209979,25.56268603,-2.423687254,-5.164356817,5.99154732,17.00440885,1.233682486,12.09279721,5,2025,0.5,-0.8660254038
01,Food and Non-Alcoholic Beverages,2025-06-01,1388.375713,91.13649179,91.13649179,48.53550618,60.38889677,42.97477065,50.63305786,8.894534243,9.552146118,46.83662632,6,2025,1.224646799e-16,-1
02,"Alcholoic Beverages, Tobacco and Narcotics",2025-06-01,2534.247844,-65.95014339,-65.95014339,96.131111,143.2605696,77.78101061,105.7242304,33.77742022,34.681631,87.35303269,6,2025,1.224646799e-16,-1
03,Clothing and Footwear,2025-06-01,171.2584864,0,0,0.1495926846,0.09368695993,-0.1146437264,0.04287863937,0.1392527713,-3.170289905,4.455315661,6,2025,1.224646799e-16,-1
04,"Housing, Water, Electricity, Gas and Other Fuels",2025-06-01,1099.83318,-0.4720682098,-0.4720682098,8.536733283,110.823997,207.4899283,108.9502195,99.4898323,45.37920983,95.42898344,6,2025,1.224646799e-16,-1
05,"Furnishings, Household Equipment and Routine Houshold Maintenance",2025-06-01,165.6756047,0,0,-0.7962139351,36.45339319,4.062145293,13.23977485,20.2498141,2.457032432,17.65161751,6,2025,1.224646799e-16,-1
06,Health,2025-06-01,183.8819233,0,0,0,0,0,0,0,0,0,6,2025,1.224646799e-16,-1
07,Transport,2025-06-01,565.9123593,41.07879566,41.07879566,-20.81133217,54.1137936,-16.84801965,5.484813926,42.16052905,2.223012487,29.28694814,6,2025,1.224646799e-16,-1
08,Information and Communication,2025-06-01,100.2155213,0.4349320315,0.4349320315,0,0,0,0,0,-0.2972136201,0.728021714,6,2025,1.224646799e-16,-1
09,"Recreation, Sport, Culture, Gardens and Pets",2025-06-01,132.2039984,0,0,0,0,0,0,0,0.3739264333,0.9159289629,6,2025,1.224646799e-16,-1
10,Education Services,2025-06-01,102.3959499,0,0,0,0,0,0,0,0,0,6,2025,1.224646799e-16,-1
11,Resturants and Accomodation Services,2025-06-01,104.7599256,0,0,0,0,0,0,0,0,2.059840348e-08,6,2025,1.224646799e-16,-1
12,Insurance and Financial Services,2025-06-01,100.3545497,-0.3182850236,-0.3182850236,-0.550186821,0.2019427172,0.3366684021,-0.003858567234,0.4779055065,-0.10694396,0.337381536,6,2025,1.224646799e-16,-1
13,"Personal Care, Social Protection and Miscellaneous Goods and Services",2025-06-01,180.2156193,6.713476785,6.713476785,7.050209979,25.56268603,-2.423687254,10.06306959,14.23436913,2.456381409,12.27787745,6,2025,1.224646799e-16,-1
01,Food and Non-Alcoholic Beverages,2025-07-01,1468.467915,5.768769994,5.768769994,91.13649179,48.53550618,60.38889677,66.68696491,21.98772932,26.44942908,55.71217086,7,2025,-0.5,-0.8660254038
02,"Alcholoic Beverages, Tobacco and Narcotics",2025-07-01,2863.0527,12.97445539,12.97445539,-65.95014339,96.131111,143.2605696,57.81384574,109.742609,19.78268344,96.76915742,7,2025,-0.5,-0.8660254038
03,Clothing and Footwear,2025-07-01,171.2584864,0,0,0,0.1495926846,0.09368695993,0.08109321484,0.07558733116,-1.304145713,2.189933844,7,2025,-0.5,-0.8660254038
04,"Housing, Water, Electricity, Gas and Other Fuels",2025-07-01,1101.790563,0.1779708939,0.1779708939,-0.4720682098,8.536733283,110.823997,39.62955401,61.82051566,45.67029041,95.25727147,7,2025,-0.5,-0.8660254038
05,"Furnishings, Household Equipment and Routine Houshold Maintenance",2025-07-01,162.1849628,-2.106913641,-2.106913641,0,-0.7962139351,36.45339319,11.88572642,21.27994777,2.986397936,17.49583045,7,2025,-0.5,-0.8660254038
06,Health,2025-07-01,183.8819233,0,0,0,0,0,0,0,0,0,7,2025,-0.5,-0.8660254038
07,Transport,2025-07-01,629.2003041,11.18334735,11.18334735,41.07879566,-20.81133217,54.1137936,24.79375236,40.02930919,9.634697647,32.97659596,7,2025,-0.5,-0.8660254038
08,Information and Communication,2025-07-01,100.2155213,0,0,0.4349320315,0,0,0.1449773438,0.2511081255,0.07248867193,0.1775602583,7,2025,-0.5,-0.8660254038
09,"Recreation, Sport, Culture, Gardens and Pets",2025-07-01,132.2039984,0,0,0,0,0,0,0,0,0,7,2025,-0.5,-0.8660254038
10,Education Services,2025-07-01,102.3959499,0,0,0,0,0,0,0,0,0,7,2025,-0.5,-0.8660254038
11,Resturants and Accomodation Services,2025-07-01,104.7599256,0,0,0,0,0,0,0,0,2.059840348e-08,7,2025,-0.5,-0.8660254038
12,Insurance and Financial Services,2025-07-01,99.73797201,-0.6143993117,-0.6143993117,-0.3182850236,-0.550186821,0.2019427172,-0.2221763758,0.3851653732,-0.1051997703,0.3360298514,7,2025,-0.5,-0.8660254038
13,"Personal Care, Social Protection and Miscellaneous Goods and Services",2025-07-01,206.241687,14.44162706,14.44162706,6.713476785,7.050209979,25.56268603,13.10879093,10.78670361,4.296783548,11.87847819,7,2025,-0.5,-0.8660254038
01,Food and Non-Alcoholic Beverages,2025-08-01,975.4180684,-33.57579974,-33.57579974,5.768769994,91.13649179,48.53550618,48.48025599,42.68388772,34.70048338,46.07000617,8,2025,-0.8660254038,-0.5
02,"Alcholoic Beverages, Tobacco and Narcotics",2025-08-01,2439.196646,-14.80433993,-14.80433993,12.97445539,-65.95014339,96.131111,14.385141,81.04983517,34.75184673,85.07314702,8,2025,-0.8660254038,-0.5
03,Clothing and Footwear,2025-08-01,171.2584864,0,0,0,0,0.1495926846,0.0498642282,0.08636737672,-0.828078144,2.093346368,8,2025,-0.8660254038,-0.5
04,"Housing, Water, Electricity, Gas and Other Fuels",2025-08-01,1104.533636,0.2489650617,0.2489650617,0.1779708939,-0.4720682098,8.536733283,2.747545322,5.024107945,46.14255605,94.97637376,8,2025,-0.8660254038,-0.5
05,"Furnishings, Household Equipment and Routine Houshold Maintenance",2025-08-01,155.1535428,-4.335432736,-4.335432736,-2.106913641,0,-0.7962139351,-0.9677091922,1.063874636,4.376845227,16.51869369,8,2025,-0.8660254038,-0.5
06,Health,2025-08-01,183.8819233,0,0,0,0,0,0,0,0,0,8,2025,-0.8660254038,-0.5
07,Transport,2025-08-01,755.2308619,20.03027605,20.03027605,11.18334735,41.07879566,-20.81133217,10.48360361,30.95099694,14.50669342,30.10280115,8,2025,-0.8660254038,-0.5
08,Information and Communication,2025-08-01,100.2155213,0,0,0,0.4349320315,0,0.1449773438,0.2511081255,0.07248867193,0.1775602583,8,2025,-0.8660254038,-0.5
09,"Recreation, Sport, Culture, Gardens and Pets",2025-08-01,132.2039984,0,0,0,0,0,0,0,0,0,8,2025,-0.8660254038,-0.5
10,Education Services,2025-08-01,102.3959499,0,0,0,0,0,0,0,0,0,8,2025,-0.8660254038,-0.5
11,Resturants and Accomodation Services,2025-08-01,104.7599256,0,0,0,0,0,0,0,0,2.059840348e-08,8,2025,-0.8660254038,-0.5
12,Insurance and Financial Services,2025-08-01,99.41872128,-0.320089447,-0.320089447,-0.6143993117,-0.3182850236,-0.550186821,-0.4942903854,0.155769787,-0.2020111646,0.390510789,8,2025,-0.8660254038,-0.5
13,"Personal Care, Social Protection and Miscellaneous Goods and Services",2025-08-01,220.2217656,6.778493139,6.778493139,14.44162706,6.713476785,7.050209979,9.401771275,4.367889315,7.696659297,11.25967314,8,2025,-0.8660254038,-0.5
01,Food and Non-Alcoholic Beverages,2025-09-01,823.8750273,-15.53621426,-15.53621426,-33.57579974,5.768769994,91.13649179,21.10982068,63.75578242,35.87143927,43.80697973,9,2025,-1,-1.836970199e-16
02,"Alcholoic Beverages, Tobacco and Narcotics",2025-09-01,855.256284,-64.93696868,-64.93696868,-14.80433993,12.97445539,-65.95014339,-22.59334264,40.03466617,41.56544388,77.69874716,9,2025,-1,-1.836970199e-16
03,Clothing and Footwear,2025-09-01,171.2584864,0,0,0,0,0,0,9.634150243e-08,0.02143931969,0.09114881807,9,2025,-1,-1.836970199e-16
04,"Housing, Water, Electricity, Gas and Other Fuels",2025-09-01,1405.67715,27.26431351,27.26431351,0.2489650617,0.1779708939,-0.4720682098,-0.01504408474,0.3973831038,54.46758771,86.7259042,9,2025,-1,-1.836970199e-16
05,"Furnishings, Household Equipment and Routine Houshold Maintenance",2025-09-01,186.6486984,20.29934675,20.29934675,-4.335432736,-2.106913641,0,-2.147448793,2.168000594,5.546163029,15.39259804,9,2025,-1,-1.836970199e-16
06,Health,2025-09-01,183.8819233,0,0,0,0,0,0,0,0,0,9,2025,-1,-1.836970199e-16
07,Transport,2025-09-01,706.3407363,-6.473533872,-6.473533872,20.03027605,11.18334735,41.07879566,24.09747302,15.35711646,14.79114347,30.15410118,9,2025,-1,-1.836970199e-16
08,Information and Communication,2025-09-01,100.4240071,0.2080374224,0.2080374224,0,0,0.4349320315,0.1449773438,0.2511081255,0.07248867193,0.1775602583,9,2025,-1,-1.836970199e-16
09,"Recreation, Sport, Culture, Gardens and Pets",2025-09-01,132.2039984,0,0,0,0,0,0,0,0,0,9,2025,-1,-1.836970199e-16
10,Education Services,2025-09-01,102.3959499,0,0,0,0,0,0,0,0,0,9,2025,-1,-1.836970199e-16
11,Resturants and Accomodation Services,2025-09-01,104.7599256,0,0,0,0,0,0,0,0,2.059840348e-08,9,2025,-1,-1.836970199e-16
12,Insurance and Financial Services,2025-09-01,99.5584503,0.1405459785,0.1405459785,-0.320089447,-0.6143993117,-0.3182850236,-0.4175912608,0.1704431597,-0.210724914,0.3928488769,9,2025,-1,-1.836970199e-16
13,"Personal Care, Social Protection and Miscellaneous Goods and Services",2025-09-01,178.6312004,-18.88576501,-18.88576501,6.778493139,14.44162706,6.713476785,9.311198995,4.44319996,9.68713429,9.439984589,9,2025,-1,-1.836970199e-16
01,Food and Non-Alcoholic Beverages,2025-10-01,573.8898466,-30.34260931,-30.34260931,-15.53621426,-33.57579974,5.768769994,-14.447748,19.69485621,26.11960845,48.20157189,10,2025,-0.8660254038,0.5
02,"Alcholoic Beverages, Tobacco and Narcotics",2025-10-01,428.3233077,-49.91871844,-49.91871844,-64.93696868,-14.80433993,12.97445539,-22.25561774,39.48656298,17.779114,85.8160081,10,2025,-0.8660254038,0.5
03,Clothing and Footwear,2025-10-01,158.1712425,-7.64180752,-7.64180752,0,0,0,0,9.634150243e-08,0.04054660742,0.06525496687,10,2025,-0.8660254038,0.5
04,"Housing, Water, Electricity, Gas and Other Fuels",2025-10-01,300.6601287,-78.61101116,-78.61101116,27.26431351,0.2489650617,0.1779708939,9.23041649,15.61785329,24.42998525,43.62922951,10,2025,-0.8660254038,0.5
05,"Furnishings, Household Equipment and Routine Houshold Maintenance",2025-10-01,148.7401224,-20.31012074,-20.31012074,20.29934675,-4.335432736,-2.106913641,4.619000125,13.62521659,8.252363272,16.46920384,10,2025,-0.8660254038,0.5
06,Health,2025-10-01,183.8819233,0,0,0,0,0,0,0,0,0,10,2025,-0.8660254038,0.5
07,Transport,2025-10-01,564.7416344,-20.04685482,-20.04685482,-6.473533872,20.03027605,11.18334735,8.246696509,13.49373646,16.52022444,28.21191458,10,2025,-0.8660254038,0.5
08,Information and Communication,2025-10-01,100.4240071,0,0,0.2080374224,0,0,0.06934580746,0.1201104618,0.1071615757,0.1808556449,10,2025,-0.8660254038,0.5
09,"Recreation, Sport, Culture, Gardens and Pets",2025-10-01,132.2039984,0,0,0,0,0,0,0,0,0,10,2025,-0.8660254038,0.5
10,Education Services,2025-10-01,102.3959499,0,0,0,0,0,0,0,0,0,10,2025,-0.8660254038,0.5
11,Resturants and Accomodation Services,2025-10-01,104.7599256,0,0,0,0,0,0,0,0,2.059840348e-08,10,2025,-0.8660254038,0.5
12,Insurance and Financial Services,2025-10-01,99.31197615,-0.2475672801,-0.2475672801,0.1405459785,-0.320089447,-0.6143993117,-0.2646475934,0.3805140564,-0.2434119846,0.3432178114,10,2025,-0.8660254038,0.5
13,"Personal Care, Social Protection and Miscellaneous Goods and Services",2025-10-01,134.1601034,-24.89548125,-24.89548125,-18.88576501,6.778493139,14.44162706,0.7781183955,17.45514647,6.943454663,14.62968526,10,2025,-0.8660254038,0.5
01,Food and Non-Alcoholic Beverages,2025-11-01,256.9011696,-55.23510808,-55.23510808,-30.34260931,-15.53621426,-33.57579974,-26.48487444,9.618640746,10.99769077,49.51468713,11,2025,-0.5,0.8660254038
02,"Alcholoic Beverages, Tobacco and Narcotics",2025-11-01,475.687601,11.05807049,11.05807049,-49.91871844,-64.93696868,-14.80433993,-43.22000902,25.72886798,-14.41743401,62.353237,11,2025,-0.5,0.8660254038
03,Clothing and Footwear,2025-11-01,132.9255752,-15.96097173,-15.96097173,-7.64180752,0,0,-2.547269173,4.411999629,-1.248702473,3.132540597,11,2025,-0.5,0.8660254038
04,"Housing, Water, Electricity, Gas and Other Fuels",2025-11-01,308.256018,2.526403938,2.526403938,-78.61101116,27.26431351,0.2489650617,-17.03257753,55.01258837,-7.142516103,36.57904583,11,2025,-0.5,0.8660254038
05,"Furnishings, Household Equipment and Routine Houshold Maintenance",2025-11-01,119.1960486,-19.86288119,-19.86288119,-20.31012074,20.29934675,-4.335432736,-1.448735575,20.45805411,-1.208222383,12.95897136,11,2025,-0.5,0.8660254038
06,Health,2025-11-01,183.8819233,0,0,0,0,0,0,0,0,0,11,2025,-0.5,0.8660254038
07,Transport,2025-11-01,404.6914349,-28.34042856,-28.34042856,-20.04685482,-6.473533872,20.03027605,-2.163370879,20.38325866,4.160116368,24.44095676,11,2025,-0.5,0.8660254038
08,Information and Communication,2025-11-01,100.4240071,0,0,0,0.2080374224,0,0.06934580746,0.1201104618,0.1071615757,0.1808556449,11,2025,-0.5,0.8660254038
09,"Recreation, Sport, Culture, Gardens and Pets",2025-11-01,132.2039984,0,0,0,0,0,0,0,0,0,11,2025,-0.5,0.8660254038
10,Education Services,2025-11-01,102.3959499,0,0,0,0,0,0,0,0,0,11,2025,-0.5,0.8660254038
11,Resturants and Accomodation Services,2025-11-01,104.7599256,0,0,0,0,0,0,0,0,2.059840348e-08,11,2025,-0.5,0.8660254038
12,Insurance and Financial Services,2025-11-01,99.2107556,-0.1019218001,-0.1019218001,-0.2475672801,0.1405459785,-0.320089447,-0.1423702495,0.2476813684,-0.3183303175,0.2672048827,11,2025,-0.5,0.8660254038
13,"Personal Care, Social Protection and Miscellaneous Goods and Services",2025-11-01,127.9828822,-4.604365303,-4.604365303,-24.89548125,-18.88576501,6.778493139,-12.33425104,16.82266076,-1.466239884,16.20396706,11,2025,-0.5,0.8660254038
01,Food and Non-Alcoholic Beverages,2025-12-01,202.7777565,-21.0677955,-21.0677955,-55.23510808,-30.34260931,-15.53621426,-33.70464388,20.06185435,-6.297411601,51.84880688,12,2025,-2.449293598e-16,1
02,"Alcholoic Beverages, Tobacco and Narcotics",2025-12-01,609.0559544,28.03696231,28.03696231,11.05807049,-49.91871844,-64.93696868,-34.59920554,40.24707569,-28.59627409,36.50045016,12,2025,-2.449293598e-16,1
03,Clothing and Footwear,2025-12-01,153.2033381,15.25497474,15.25497474,-15.96097173,-7.64180752,0,-7.867593084,7.982880997,-3.933796542,6.637790437,12,2025,-2.449293598e-16,1
04,"Housing, Water, Electricity, Gas and Other Fuels",2025-12-01,292.9236219,-4.973916215,-4.973916215,2.526403938,-78.61101116,27.26431351,-16.27343124,55.38475824,-8.144237661,36.14349581,12,2025,-2.449293598e-16,1
05,"Furnishings, Household Equipment and Routine Houshold Maintenance",2025-12-01,112.4105398,-5.692729687,-5.692729687,-19.86288119,-20.31012074,20.29934675,-6.624551725,23.31785234,-4.386000259,15.01273862,12,2025,-2.449293598e-16,1
06,Health,2025-12-01,183.8819233,0,0,0,0,0,0,0,0,0,12,2025,-2.449293598e-16,1
07,Transport,2025-12-01,248.9844023,-38.47549494,-38.47549494,-28.34042856,-20.04685482,-6.473533872,-18.28693908,11.03916883,2.905266969,26.11538295,12,2025,-2.449293598e-16,1
08,Information and Communication,2025-12-01,100.4240071,0,0,0,0,0.2080374224,0.06934580746,0.1201104618,0.1071615757,0.1808556449,12,2025,-2.449293598e-16,1
09,"Recreation, Sport, Culture, Gardens and Pets",2025-12-01,132.2039984,0,0,0,0,0,0,0,0,0,12,2025,-2.449293598e-16,1
10,Education Services,2025-12-01,102.3959499,0,0,0,0,0,0,0,0,0,12,2025,-2.449293598e-16,1
11,Resturants and Accomodation Services,2025-12-01,108.5796478,3.646167423,3.646167423,0,0,0,0,0,0,2.059840348e-08,12,2025,-2.449293598e-16,1
12,Insurance and Financial Services,2025-12-01,99.02168472,-0.1905749826,-0.1905749826,-0.1019218001,-0.2475672801,0.1405459785,-0.06964770056,0.1960591454,-0.2436194807,0.2516255949,12,2025,-2.449293598e-16,1
13,"Personal Care, Social Protection and Miscellaneous Goods and Services",2025-12-01,126.0877854,-1.480742342,-1.480742342,-4.604365303,-24.89548125,-18.88576501,-16.12853719,10.42276717,-3.408669097,15.66858302,12,2025,-2.449293598e-16,1
01,Food and Non-Alcoholic Beverages,2026-01-01,190.638622,-5.986423122,-5.986423122,-21.0677955,-55.23510808,-30.34260931,-35.54850429,17.66854038,-24.99812615,20.33711993,1,2026,0.5,0.8660254038
02,"Alcholoic Beverages, Tobacco and Narcotics",2026-01-01,767.6828312,26.04471324,26.04471324,28.03696231,11.05807049,-49.91871844,-3.607895211,40.99499912,-12.93175647,37.41968346,1,2026,0.5,0.8660254038
03,Clothing and Footwear,2026-01-01,172.9465998,12.88696575,12.88696575,15.25497474,-15.96097173,-7.64180752,-2.782601505,16.16532526,-1.391300752,10.33682532,1,2026,0.5,0.8660254038
04,"Housing, Water, Electricity, Gas and Other Fuels",2026-01-01,289.6994419,-1.100689656,-1.100689656,-4.973916215,2.526403938,-78.61101116,-27.01950781,44.83666038,-8.894545662,35.99881228,1,2026,0.5,0.8660254038
05,"Furnishings, Household Equipment and Routine Houshold Maintenance",2026-01-01,111.6928311,-0.6384709768,-0.6384709768,-5.692729687,-19.86288119,-20.31012074,-15.2885772,8.31325586,-5.33478854,14.85921231,1,2026,0.5,0.8660254038
06,Health,2026-01-01,183.8819233,0,0,0,0,0,0,0,0,0,1,2026,0.5,0.8660254038
07,Transport,2026-01-01,241.2572041,-3.103486878,-3.103486878,-38.47549494,-28.34042856,-20.04685482,-28.95425944,9.229641677,-10.35378147,22.84907483,1,2026,0.5,0.8660254038
08,Information and Communication,2026-01-01,100.4240071,0,0,0,0,0,0,0,0.03467290373,0.08493092204,1,2026,0.5,0.8660254038
09,"Recreation, Sport, Culture, Gardens and Pets",2026-01-01,132.2039984,0,0,0,0,0,0,0,0,0,1,2026,0.5,0.8660254038
10,Education Services,2026-01-01,102.3959499,0,0,0,0,0,0,0,0,0,1,2026,0.5,0.8660254038
11,Resturants and Accomodation Services,2026-01-01,107.6485228,-0.8575502774,-0.8575502774,3.646167423,0,0,1.215389141,2.105115743,0.6076945705,1.488541617,1,2026,0.5,0.8660254038
12,Insurance and Financial Services,2026-01-01,98.68259983,-0.3424349794,-0.3424349794,-0.1905749826,-0.1019218001,-0.2475672801,-0.1800213543,0.07339404447,-0.2223344738,0.2494384358,1,2026,0.5,0.8660254038
13,"Personal Care, Social Protection and Miscellaneous Goods and Services",2026-01-01,130.9206957,3.832972616,3.832972616,-1.480742342,-4.604365303,-24.89548125,-10.32686297,12.71309302,-4.774372285,14.95052281,1,2026,0.5,0.8660254038
01,Food and Non-Alcoholic Beverages,2026-02-01,180.2772124,-5.435105199,-5.435105199,-5.986423122,-21.0677955,-55.23510808,-27.42977557,25.23319907,-26.957325,17.08686295,2,2026,0.8660254038,0.5
02,"Alcholoic Beverages, Tobacco and Narcotics",2026-02-01,2938.497496,282.77494,282.77494,26.04471324,28.03696231,11.05807049,21.71324868,9.281265042,-10.75338017,39.54927304,2,2026,0.8660254038,0.5
03,Clothing and Footwear,2026-02-01,178.3985098,3.152366104,3.152366104,12.88696575,15.25497474,-15.96097173,4.060322919,17.37932813,0.7565268728,11.90381438,2,2026,0.8660254038,0.5
04,"Housing, Water, Electricity, Gas and Other Fuels",2026-02-01,248.8688719,-14.09411416,-14.09411416,-1.100689656,-4.973916215,2.526403938,-1.182733978,3.750833114,-9.107655753,35.93809558,2,2026,0.8660254038,0.5
05,"Furnishings, Household Equipment and Routine Houshold Maintenance",2026-02-01,111.0151673,-0.606720969,-0.606720969,-0.6384709768,-5.692729687,-19.86288119,-8.731360617,9.965914179,-5.090048096,14.9349107,2,2026,0.8660254038,0.5
06,Health,2026-02-01,183.8819233,0,0,0,0,0,0,0,0,0,2,2026,0.8660254038,0.5
07,Transport,2026-02-01,221.4884398,-8.194061751,-8.194061751,-3.103486878,-38.47549494,-28.34042856,-23.30647013,18.21538613,-12.7349205,20.80913751,2,2026,0.8660254038,0.5
08,Information and Communication,2026-02-01,100.4240071,0,0,0,0,0,0,0,0.03467290373,0.08493092204,2,2026,0.8660254038,0.5
09,"Recreation, Sport, Culture, Gardens and Pets",2026-02-01,132.2039984,0,0,0,0,0,0,0,0,0,2,2026,0.8660254038,0.5
10,Education Services,2026-02-01,102.3959499,0,0,0,0,0,0,0,0,0,2,2026,0.8660254038,0.5
11,Resturants and Accomodation Services,2026-02-01,107.6485228,0,0,-0.8575502774,3.646167423,0,0.9295390486,2.391422258,0.4647695243,1.595861215,2,2026,0.8660254038,0.5
12,Insurance and Financial Services,2026-02-01,98.52503875,-0.1596645015,-0.1596645015,-0.3424349794,-0.1905749826,-0.1019218001,-0.2116439207,0.1216329415,-0.1770070851,0.1785942483,2,2026,0.8660254038,0.5
13,"Personal Care, Social Protection and Miscellaneous Goods and Services",2026-02-01,127.6657078,-2.486228689,-2.486228689,3.832972616,-1.480742342,-4.604365303,-0.7507116766,4.265779691,-6.542481359,12.67805315,2,2026,0.8660254038,0.5
